road_id,vehicle_count,avg_speed,weather,record_date,record_time,day_of_week,congestion_level
1,355,15.5,clear,2026-05-18,20:00:00,Monday,high
1,98,44.6,storm,2026-05-18,04:00:00,Monday,medium
1,442,20.8,clear,2026-05-18,18:45:00,Monday,high
2,207,56.5,fog,2026-05-18,16:00:00,Monday,medium
2,267,21.5,clear,2026-05-18,17:45:00,Monday,high
2,76,79.5,storm,2026-05-18,00:15:00,Monday,low
3,202,43.0,clear,2026-05-18,06:30:00,Monday,medium
3,170,25.2,clear,2026-05-18,11:30:00,Monday,medium
3,157,56.3,fog,2026-05-18,12:00:00,Monday,low
4,363,33.9,storm,2026-05-18,11:15:00,Monday,high
4,438,15.6,clear,2026-05-18,09:00:00,Monday,high
4,151,46.0,clear,2026-05-18,14:30:00,Monday,low
5,261,14.4,fog,2026-05-18,08:00:00,Monday,high
5,67,46.4,rain,2026-05-18,07:15:00,Monday,low
5,374,20.8,storm,2026-05-18,20:15:00,Monday,high
6,80,71.4,clear,2026-05-18,01:15:00,Monday,low
6,86,81.7,fog,2026-05-18,02:15:00,Monday,low
6,684,10.2,rain,2026-05-18,20:45:00,Monday,high
7,72,138.5,clear,2026-05-18,04:30:00,Monday,low
7,291,22.5,fog,2026-05-18,08:45:00,Monday,high
7,73,40.4,clear,2026-05-18,04:45:00,Monday,medium
8,90,75.1,storm,2026-05-18,04:15:00,Monday,low
8,179,55.2,fog,2026-05-18,12:45:00,Monday,low
8,142,47.8,storm,2026-05-18,00:00:00,Monday,low
9,340,23.4,clear,2026-05-18,20:30:00,Monday,high
9,74,64.4,fog,2026-05-18,00:30:00,Monday,low
9,78,70.7,storm,2026-05-18,03:30:00,Monday,low
10,309,32.2,fog,2026-05-18,11:15:00,Monday,medium
10,177,77.4,rain,2026-05-18,00:30:00,Monday,low
10,368,27.8,clear,2026-05-18,09:15:00,Monday,high
1,88,72.1,storm,2026-05-19,02:00:00,Tuesday,low
1,203,7.7,clear,2026-05-19,17:15:00,Tuesday,high
1,89,77.4,fog,2026-05-19,05:30:00,Tuesday,low
2,148,54.5,storm,2026-05-19,06:15:00,Tuesday,low
2,652,11.5,rain,2026-05-19,20:30:00,Tuesday,high
2,137,53.6,clear,2026-05-19,07:15:00,Tuesday,low
3,256,47.3,clear,2026-05-19,07:15:00,Tuesday,medium
3,194,36.4,clear,2026-05-19,07:00:00,Tuesday,medium
3,147,29.5,storm,2026-05-19,07:30:00,Tuesday,medium
4,203,18.7,clear,2026-05-19,23:45:00,Tuesday,high
4,149,30.6,clear,2026-05-19,06:00:00,Tuesday,medium
4,367,32.7,storm,2026-05-19,13:45:00,Tuesday,high
5,270,23.1,clear,2026-05-19,20:00:00,Tuesday,high
5,81,130.5,clear,2026-05-19,03:15:00,Tuesday,low
5,61,45.7,clear,2026-05-19,13:15:00,Tuesday,low
6,100,125.2,fog,2026-05-19,02:45:00,Tuesday,low
6,568,14.8,clear,2026-05-19,17:00:00,Tuesday,high
6,34,76.4,rain,2026-05-19,05:45:00,Tuesday,low
7,134,71.7,rain,2026-05-19,01:15:00,Tuesday,low
7,207,15.5,rain,2026-05-19,14:30:00,Tuesday,high
7,391,23.9,clear,2026-05-19,17:45:00,Tuesday,high
8,96,77.8,storm,2026-05-19,01:00:00,Tuesday,low
8,203,38.8,clear,2026-05-19,15:15:00,Tuesday,medium
8,115,124.7,fog,2026-05-19,05:00:00,Tuesday,low
9,181,56.1,fog,2026-05-19,12:00:00,Tuesday,low
9,384,9.7,rain,2026-05-19,19:00:00,Tuesday,high
9,309,15.4,clear,2026-05-19,10:30:00,Tuesday,high
10,312,15.5,clear,2026-05-19,08:45:00,Tuesday,high
10,10,25.6,clear,2026-05-19,10:00:00,Tuesday,medium
10,76,122.9,fog,2026-05-19,03:00:00,Tuesday,low
1,156,45.1,clear,2026-05-20,11:00:00,Wednesday,low
1,576,18.9,fog,2026-05-20,17:30:00,Wednesday,high
1,280,22.0,storm,2026-05-20,16:00:00,Wednesday,high
2,168,65.1,clear,2026-05-20,21:00:00,Wednesday,low
2,171,48.1,clear,2026-05-20,23:15:00,Wednesday,low
2,416,11.8,storm,2026-05-20,10:15:00,Wednesday,high
3,232,46.9,clear,2026-05-20,15:30:00,Wednesday,medium
3,328,22.7,clear,2026-05-20,08:00:00,Wednesday,high
3,258,16.7,storm,2026-05-20,08:15:00,Wednesday,high
4,581,25.7,clear,2026-05-20,17:00:00,Wednesday,high
4,60,91.6,clear,2026-05-20,04:00:00,Wednesday,low
4,35,152.4,clear,2026-05-20,04:00:00,Wednesday,low
5,57,59.5,clear,2026-05-20,01:30:00,Wednesday,low
5,179,12.6,fog,2026-05-20,11:45:00,Wednesday,high
5,189,38.2,clear,2026-05-20,07:15:00,Wednesday,medium
6,306,12.4,rain,2026-05-20,23:30:00,Wednesday,high
6,186,34.4,clear,2026-05-20,07:30:00,Wednesday,medium
6,88,163.8,clear,2026-05-20,01:45:00,Wednesday,low
7,194,57.4,clear,2026-05-20,11:30:00,Wednesday,low
7,283,16.4,clear,2026-05-20,12:30:00,Wednesday,high
7,250,13.9,storm,2026-05-20,08:30:00,Wednesday,high
8,598,30.6,clear,2026-05-20,17:30:00,Wednesday,high
8,91,120.2,clear,2026-05-20,05:30:00,Wednesday,low
8,173,22.2,rain,2026-05-20,23:30:00,Wednesday,high
9,241,43.5,clear,2026-05-20,12:15:00,Wednesday,medium
9,47,52.2,clear,2026-05-20,16:15:00,Wednesday,low
9,658,8.7,storm,2026-05-20,10:30:00,Wednesday,high
10,360,16.7,storm,2026-05-20,09:30:00,Wednesday,high
10,109,26.8,clear,2026-05-20,09:15:00,Wednesday,medium
10,124,34.8,fog,2026-05-20,21:15:00,Wednesday,medium
1,82,151.0,clear,2026-05-21,00:30:00,Thursday,low
1,268,16.6,rain,2026-05-21,19:30:00,Thursday,high
1,269,31.7,storm,2026-05-21,16:45:00,Thursday,medium
2,221,21.8,clear,2026-05-21,16:30:00,Thursday,high
2,191,33.6,clear,2026-05-21,21:30:00,Thursday,medium
2,56,47.8,rain,2026-05-21,01:15:00,Thursday,low
3,133,22.3,storm,2026-05-21,14:45:00,Thursday,high
3,256,41.1,rain,2026-05-21,12:45:00,Thursday,medium
3,112,109.4,rain,2026-05-21,00:00:00,Thursday,low
4,54,30.5,clear,2026-05-21,22:45:00,Thursday,medium
4,83,57.8,clear,2026-05-21,03:45:00,Thursday,low
4,300,9.8,rain,2026-05-21,17:30:00,Thursday,high
5,146,42.4,fog,2026-05-21,16:45:00,Thursday,medium
5,181,17.0,clear,2026-05-21,15:45:00,Thursday,high
5,516,18.9,storm,2026-05-21,08:45:00,Thursday,high
6,172,50.4,clear,2026-05-21,22:30:00,Thursday,low
6,428,24.8,clear,2026-05-21,17:00:00,Thursday,high
6,53,113.7,clear,2026-05-21,04:15:00,Thursday,low
7,196,52.1,clear,2026-05-21,14:45:00,Thursday,low
7,350,20.4,fog,2026-05-21,18:00:00,Thursday,high
7,377,11.7,rain,2026-05-21,11:30:00,Thursday,high
8,269,37.6,rain,2026-05-21,13:15:00,Thursday,medium
8,51,53.2,clear,2026-05-21,00:45:00,Thursday,low
8,458,16.9,rain,2026-05-21,23:15:00,Thursday,high
9,296,10.8,rain,2026-05-21,17:00:00,Thursday,high
9,82,85.9,clear,2026-05-21,02:45:00,Thursday,low
9,385,25.2,clear,2026-05-21,08:45:00,Thursday,high
10,251,32.1,rain,2026-05-21,12:30:00,Thursday,medium
10,73,111.2,clear,2026-05-21,00:00:00,Thursday,low
10,436,18.8,clear,2026-05-21,20:00:00,Thursday,high
1,97,131.8,clear,2026-05-22,00:15:00,Friday,low
1,414,7.3,rain,2026-05-22,18:15:00,Friday,high
1,83,96.8,clear,2026-05-22,05:00:00,Friday,low
2,45,32.2,fog,2026-05-22,00:30:00,Friday,medium
2,85,27.6,clear,2026-05-22,12:15:00,Friday,medium
2,275,12.0,storm,2026-05-22,07:00:00,Friday,high
3,382,14.6,fog,2026-05-22,19:00:00,Friday,high
3,125,39.6,clear,2026-05-22,13:30:00,Friday,medium
3,127,44.6,clear,2026-05-22,13:45:00,Friday,medium
4,297,37.9,rain,2026-05-22,14:15:00,Friday,medium
4,413,13.0,fog,2026-05-22,20:30:00,Friday,high
4,303,18.4,rain,2026-05-22,15:45:00,Friday,high
5,336,26.5,clear,2026-05-22,10:15:00,Friday,medium
5,295,44.2,clear,2026-05-22,14:45:00,Friday,medium
5,60,118.3,clear,2026-05-22,05:45:00,Friday,low
6,651,20.9,fog,2026-05-22,08:30:00,Friday,high
6,65,86.6,storm,2026-05-22,02:15:00,Friday,low
6,230,19.5,storm,2026-05-22,07:45:00,Friday,high
7,78,145.3,clear,2026-05-22,00:00:00,Friday,low
7,358,13.0,rain,2026-05-22,09:30:00,Friday,high
7,166,30.9,clear,2026-05-22,23:30:00,Friday,medium
8,341,14.9,clear,2026-05-22,08:15:00,Friday,high
8,194,53.5,clear,2026-05-22,23:15:00,Friday,low
8,204,31.3,clear,2026-05-22,23:30:00,Friday,medium
9,253,41.3,clear,2026-05-22,11:15:00,Friday,medium
9,184,16.9,clear,2026-05-22,08:00:00,Friday,high
9,93,71.9,clear,2026-05-22,04:45:00,Friday,low
10,134,47.3,rain,2026-05-22,15:45:00,Friday,low
10,413,14.5,clear,2026-05-22,08:45:00,Friday,high
10,90,131.1,clear,2026-05-22,02:00:00,Friday,low
1,255,53.8,clear,2026-05-23,09:00:00,Saturday,medium
1,109,44.6,fog,2026-05-23,19:15:00,Saturday,medium
1,160,38.2,clear,2026-05-23,09:45:00,Saturday,medium
2,146,33.3,clear,2026-05-23,23:00:00,Saturday,medium
2,190,44.2,clear,2026-05-23,02:15:00,Saturday,medium
2,216,19.6,rain,2026-05-23,00:45:00,Saturday,high
3,155,22.0,clear,2026-05-23,01:15:00,Saturday,high
3,336,27.1,storm,2026-05-23,14:00:00,Saturday,medium
3,386,25.1,rain,2026-05-23,20:15:00,Saturday,high
4,212,43.1,clear,2026-05-23,04:30:00,Saturday,medium
4,343,37.8,rain,2026-05-23,09:30:00,Saturday,medium
4,109,40.0,clear,2026-05-23,22:45:00,Saturday,medium
5,240,17.0,rain,2026-05-23,02:00:00,Saturday,high
5,290,34.6,clear,2026-05-23,00:00:00,Saturday,medium
5,389,14.2,storm,2026-05-23,18:00:00,Saturday,high
6,102,18.2,fog,2026-05-23,05:45:00,Saturday,high
6,338,7.8,storm,2026-05-23,05:45:00,Saturday,high
6,246,30.5,rain,2026-05-23,15:30:00,Saturday,medium
7,227,21.9,rain,2026-05-23,05:30:00,Saturday,high
7,398,24.6,rain,2026-05-23,12:00:00,Saturday,high
7,181,39.5,fog,2026-05-23,03:45:00,Saturday,medium
8,452,24.6,rain,2026-05-23,17:45:00,Saturday,high
8,294,22.7,storm,2026-05-23,19:45:00,Saturday,high
8,94,47.0,clear,2026-05-23,08:15:00,Saturday,low
9,203,24.6,storm,2026-05-23,03:00:00,Saturday,high
9,241,41.1,fog,2026-05-23,05:30:00,Saturday,medium
9,366,24.5,rain,2026-05-23,07:00:00,Saturday,high
10,217,41.5,storm,2026-05-23,04:45:00,Saturday,medium
10,333,30.3,rain,2026-05-23,13:45:00,Saturday,medium
10,73,29.8,fog,2026-05-23,12:15:00,Saturday,medium
1,172,41.3,rain,2026-05-24,02:30:00,Sunday,medium
1,162,17.4,clear,2026-05-24,08:00:00,Sunday,high
1,149,34.3,clear,2026-05-24,18:45:00,Sunday,medium
2,406,21.5,rain,2026-05-24,10:45:00,Sunday,high
2,92,55.8,fog,2026-05-24,22:15:00,Sunday,low
2,229,16.3,clear,2026-05-24,13:00:00,Sunday,high
3,369,12.7,storm,2026-05-24,12:45:00,Sunday,high
3,289,62.2,clear,2026-05-24,04:45:00,Sunday,medium
3,401,39.6,rain,2026-05-24,10:00:00,Sunday,high
4,405,12.1,rain,2026-05-24,00:15:00,Sunday,high
4,131,55.7,clear,2026-05-24,02:45:00,Sunday,low
4,326,16.1,clear,2026-05-24,20:00:00,Sunday,high
5,291,11.1,storm,2026-05-24,12:30:00,Sunday,high
5,334,36.2,fog,2026-05-24,17:00:00,Sunday,medium
5,448,41.3,storm,2026-05-24,09:15:00,Sunday,high
6,373,26.8,rain,2026-05-24,20:00:00,Sunday,high
6,194,30.4,clear,2026-05-24,00:00:00,Sunday,medium
6,236,40.3,clear,2026-05-24,11:45:00,Sunday,medium
7,282,42.1,clear,2026-05-24,21:15:00,Sunday,medium
7,379,20.1,rain,2026-05-24,12:15:00,Sunday,high
7,327,22.9,rain,2026-05-24,14:30:00,Sunday,high
8,286,21.2,storm,2026-05-24,14:30:00,Sunday,high
8,490,19.6,storm,2026-05-24,11:30:00,Sunday,high
8,386,30.7,clear,2026-05-24,14:30:00,Sunday,high
9,153,23.7,rain,2026-05-24,03:15:00,Sunday,high
9,267,37.6,clear,2026-05-24,22:30:00,Sunday,medium
9,248,24.4,fog,2026-05-24,08:00:00,Sunday,high
10,186,31.4,clear,2026-05-24,01:45:00,Sunday,medium
10,358,26.6,storm,2026-05-24,11:15:00,Sunday,high
10,348,35.5,storm,2026-05-24,23:15:00,Sunday,medium
1,132,75.7,rain,2026-05-25,01:30:00,Monday,low
1,60,127.5,clear,2026-05-25,04:00:00,Monday,low
1,220,32.0,fog,2026-05-25,06:15:00,Monday,medium
2,175,62.4,clear,2026-05-25,16:30:00,Monday,low
2,356,17.3,storm,2026-05-25,15:30:00,Monday,high
2,181,31.4,clear,2026-05-25,14:00:00,Monday,medium
3,109,55.9,fog,2026-05-25,21:45:00,Monday,low
3,88,120.2,fog,2026-05-25,00:30:00,Monday,low
3,117,51.6,fog,2026-05-25,23:30:00,Monday,low
4,253,30.5,storm,2026-05-25,11:00:00,Monday,medium
4,367,22.1,fog,2026-05-25,17:30:00,Monday,high
4,213,31.1,storm,2026-05-25,14:30:00,Monday,medium
5,119,81.9,rain,2026-05-25,01:30:00,Monday,low
5,264,16.1,rain,2026-05-25,17:15:00,Monday,high
5,178,33.1,fog,2026-05-25,23:45:00,Monday,medium
6,103,15.1,rain,2026-05-25,13:00:00,Monday,high
6,379,17.7,storm,2026-05-25,08:00:00,Monday,high
6,237,38.6,clear,2026-05-25,07:30:00,Monday,medium
7,297,22.3,clear,2026-05-25,20:30:00,Monday,high
7,54,63.3,clear,2026-05-25,03:45:00,Monday,low
7,380,15.6,clear,2026-05-25,19:00:00,Monday,high
8,86,66.6,clear,2026-05-25,04:15:00,Monday,low
8,327,23.0,clear,2026-05-25,18:15:00,Monday,high
8,402,17.4,clear,2026-05-25,19:00:00,Monday,high
9,109,138.4,clear,2026-05-25,04:30:00,Monday,low
9,76,78.6,clear,2026-05-25,04:00:00,Monday,low
9,353,23.1,clear,2026-05-25,10:00:00,Monday,high
10,336,32.2,storm,2026-05-25,13:00:00,Monday,medium
10,49,28.1,rain,2026-05-25,11:00:00,Monday,medium
10,95,67.2,rain,2026-05-25,01:30:00,Monday,low
1,213,19.4,rain,2026-05-26,15:45:00,Tuesday,high
1,165,46.1,clear,2026-05-26,14:00:00,Tuesday,low
1,51,71.9,fog,2026-05-26,04:30:00,Tuesday,low
2,230,18.7,fog,2026-05-26,10:45:00,Tuesday,high
2,375,17.2,clear,2026-05-26,19:45:00,Tuesday,high
2,388,15.2,rain,2026-05-26,20:15:00,Tuesday,high
3,439,15.3,rain,2026-05-26,10:45:00,Tuesday,high
3,245,49.8,storm,2026-05-26,13:30:00,Tuesday,medium
3,201,42.7,clear,2026-05-26,21:45:00,Tuesday,medium
4,241,12.9,storm,2026-05-26,13:00:00,Tuesday,high
4,508,17.9,fog,2026-05-26,17:00:00,Tuesday,high
4,176,38.7,rain,2026-05-26,21:00:00,Tuesday,medium
5,134,33.4,clear,2026-05-26,13:00:00,Tuesday,medium
5,312,16.4,clear,2026-05-26,18:15:00,Tuesday,high
5,44,137.6,fog,2026-05-26,03:30:00,Tuesday,low
6,760,4.7,rain,2026-05-26,18:15:00,Tuesday,high
6,563,15.1,fog,2026-05-26,19:00:00,Tuesday,high
6,330,30.1,clear,2026-05-26,08:00:00,Tuesday,medium
7,387,23.0,clear,2026-05-26,10:30:00,Tuesday,high
7,233,53.2,clear,2026-05-26,21:45:00,Tuesday,medium
7,68,67.5,storm,2026-05-26,00:00:00,Tuesday,low
8,114,54.0,clear,2026-05-26,14:30:00,Tuesday,low
8,472,28.3,clear,2026-05-26,18:00:00,Tuesday,high
8,48,111.0,clear,2026-05-26,01:00:00,Tuesday,low
9,463,21.4,rain,2026-05-26,19:45:00,Tuesday,high
9,139,92.1,rain,2026-05-26,03:30:00,Tuesday,low
9,341,18.4,fog,2026-05-26,18:45:00,Tuesday,high
10,220,67.8,clear,2026-05-26,12:00:00,Tuesday,medium
10,70,103.3,clear,2026-05-26,04:30:00,Tuesday,low
10,230,50.7,clear,2026-05-26,23:45:00,Tuesday,medium
1,101,51.9,clear,2026-05-27,07:30:00,Wednesday,low
1,399,20.5,rain,2026-05-27,13:00:00,Wednesday,high
1,218,24.8,fog,2026-05-27,18:45:00,Wednesday,high
2,651,14.8,rain,2026-05-27,09:00:00,Wednesday,high
2,567,13.4,storm,2026-05-27,19:45:00,Wednesday,high
2,66,57.6,rain,2026-05-27,03:15:00,Wednesday,low
3,211,35.1,storm,2026-05-27,12:30:00,Wednesday,medium
3,52,72.6,fog,2026-05-27,05:00:00,Wednesday,low
3,164,18.0,clear,2026-05-27,06:30:00,Wednesday,high
4,81,115.8,clear,2026-05-27,04:15:00,Wednesday,low
4,871,19.1,storm,2026-05-27,19:15:00,Wednesday,high
4,511,7.0,rain,2026-05-27,20:45:00,Wednesday,high
5,215,37.0,storm,2026-05-27,14:30:00,Wednesday,medium
5,230,35.1,storm,2026-05-27,15:45:00,Wednesday,medium
5,95,115.0,fog,2026-05-27,01:30:00,Wednesday,low
6,76,89.6,clear,2026-05-27,01:00:00,Wednesday,low
6,27,45.7,rain,2026-05-27,02:45:00,Wednesday,low
6,344,22.5,rain,2026-05-27,23:00:00,Wednesday,high
7,146,41.0,fog,2026-05-27,06:30:00,Wednesday,medium
7,89,47.0,clear,2026-05-27,01:45:00,Wednesday,low
7,169,37.3,fog,2026-05-27,22:00:00,Wednesday,medium
8,138,26.8,rain,2026-05-27,22:45:00,Wednesday,medium
8,101,53.5,clear,2026-05-27,11:30:00,Wednesday,low
8,233,26.0,storm,2026-05-27,21:00:00,Wednesday,medium
9,71,158.6,clear,2026-05-27,03:45:00,Wednesday,low
9,514,24.3,clear,2026-05-27,19:15:00,Wednesday,high
9,225,20.5,storm,2026-05-27,11:30:00,Wednesday,high
10,199,16.9,clear,2026-05-27,19:00:00,Wednesday,high
10,385,4.3,storm,2026-05-27,10:15:00,Wednesday,high
10,204,19.6,storm,2026-05-27,21:00:00,Wednesday,high
1,79,118.9,clear,2026-05-28,00:30:00,Thursday,low
1,214,40.0,clear,2026-05-28,15:15:00,Thursday,medium
1,389,8.7,fog,2026-05-28,09:00:00,Thursday,high
2,177,41.1,storm,2026-05-28,16:00:00,Thursday,medium
2,95,148.2,clear,2026-05-28,04:45:00,Thursday,low
2,344,16.0,storm,2026-05-28,19:15:00,Thursday,high
3,144,19.4,rain,2026-05-28,21:15:00,Thursday,high
3,190,71.1,fog,2026-05-28,14:15:00,Thursday,low
3,146,26.0,clear,2026-05-28,15:15:00,Thursday,medium
4,192,26.0,clear,2026-05-28,14:45:00,Thursday,medium
4,190,33.8,clear,2026-05-28,13:15:00,Thursday,medium
4,343,14.8,storm,2026-05-28,08:00:00,Thursday,high
5,84,108.9,clear,2026-05-28,03:00:00,Thursday,low
5,406,38.8,rain,2026-05-28,14:15:00,Thursday,high
5,128,46.1,clear,2026-05-28,14:30:00,Thursday,low
6,333,28.3,rain,2026-05-28,11:15:00,Thursday,medium
6,90,63.2,clear,2026-05-28,00:30:00,Thursday,low
6,61,154.9,clear,2026-05-28,04:15:00,Thursday,low
7,138,30.9,storm,2026-05-28,22:15:00,Thursday,medium
7,74,116.7,clear,2026-05-28,02:00:00,Thursday,low
7,187,31.3,clear,2026-05-28,23:45:00,Thursday,medium
8,34,125.7,clear,2026-05-28,03:00:00,Thursday,low
8,216,27.9,clear,2026-05-28,14:00:00,Thursday,medium
8,379,14.0,storm,2026-05-28,17:00:00,Thursday,high
9,132,71.6,rain,2026-05-28,04:30:00,Thursday,low
9,333,17.8,clear,2026-05-28,18:45:00,Thursday,high
9,78,34.2,fog,2026-05-28,11:00:00,Thursday,medium
10,269,26.7,rain,2026-05-28,16:00:00,Thursday,medium
10,179,28.7,clear,2026-05-28,12:30:00,Thursday,medium
10,68,58.0,clear,2026-05-28,02:30:00,Thursday,low
1,504,22.1,clear,2026-05-29,18:30:00,Friday,high
1,251,15.7,storm,2026-05-29,20:15:00,Friday,high
1,551,24.0,clear,2026-05-29,20:15:00,Friday,high
2,211,60.3,clear,2026-05-29,14:00:00,Friday,medium
2,10,91.3,clear,2026-05-29,01:30:00,Friday,low
2,528,22.0,clear,2026-05-29,17:45:00,Friday,high
3,431,16.0,clear,2026-05-29,09:30:00,Friday,high
3,143,48.8,rain,2026-05-29,03:30:00,Friday,low
3,109,40.3,clear,2026-05-29,12:30:00,Friday,medium
4,176,35.2,clear,2026-05-29,16:30:00,Friday,medium
4,344,22.7,fog,2026-05-29,19:15:00,Friday,high
4,180,23.2,clear,2026-05-29,10:30:00,Friday,high
5,35,115.8,clear,2026-05-29,05:45:00,Friday,low
5,112,23.7,clear,2026-05-29,11:45:00,Friday,high
5,80,55.9,storm,2026-05-29,01:00:00,Friday,low
6,231,52.8,clear,2026-05-29,23:15:00,Friday,medium
6,275,48.5,clear,2026-05-29,14:00:00,Friday,medium
6,272,27.9,rain,2026-05-29,11:30:00,Friday,medium
7,43,136.7,clear,2026-05-29,04:45:00,Friday,low
7,290,23.9,fog,2026-05-29,18:15:00,Friday,high
7,435,20.6,clear,2026-05-29,08:15:00,Friday,high
8,256,54.0,fog,2026-05-29,16:45:00,Friday,medium
8,229,39.8,clear,2026-05-29,22:45:00,Friday,medium
8,195,43.5,clear,2026-05-29,15:15:00,Friday,medium
9,95,27.1,clear,2026-05-29,05:45:00,Friday,medium
9,696,16.4,storm,2026-05-29,10:30:00,Friday,high
9,438,7.8,storm,2026-05-29,09:15:00,Friday,high
10,83,185.9,fog,2026-05-29,05:30:00,Friday,low
10,142,75.9,rain,2026-05-29,04:15:00,Friday,low
10,265,58.1,fog,2026-05-29,11:45:00,Friday,medium
1,385,28.5,rain,2026-05-30,02:30:00,Saturday,high
1,346,19.7,rain,2026-05-30,16:45:00,Saturday,high
1,152,30.8,rain,2026-05-30,10:00:00,Saturday,medium
2,59,50.8,clear,2026-05-30,04:15:00,Saturday,low
2,200,45.9,fog,2026-05-30,01:00:00,Saturday,medium
2,248,35.3,clear,2026-05-30,10:15:00,Saturday,medium
3,229,68.3,clear,2026-05-30,09:00:00,Saturday,medium
3,218,38.6,storm,2026-05-30,08:15:00,Saturday,medium
3,276,28.9,fog,2026-05-30,16:15:00,Saturday,medium
4,384,35.5,fog,2026-05-30,21:30:00,Saturday,high
4,260,21.9,storm,2026-05-30,02:00:00,Saturday,high
4,134,29.2,fog,2026-05-30,06:45:00,Saturday,medium
5,448,19.9,storm,2026-05-30,20:30:00,Saturday,high
5,119,34.8,clear,2026-05-30,21:45:00,Saturday,medium
5,195,29.1,rain,2026-05-30,05:45:00,Saturday,medium
6,278,24.6,clear,2026-05-30,19:15:00,Saturday,high
6,240,19.7,clear,2026-05-30,11:45:00,Saturday,high
6,133,42.0,clear,2026-05-30,03:30:00,Saturday,medium
7,317,49.0,clear,2026-05-30,07:15:00,Saturday,medium
7,397,26.1,clear,2026-05-30,19:45:00,Saturday,high
7,185,26.0,clear,2026-05-30,10:30:00,Saturday,medium
8,420,16.7,rain,2026-05-30,16:45:00,Saturday,high
8,137,42.4,fog,2026-05-30,02:45:00,Saturday,medium
8,320,34.1,clear,2026-05-30,18:30:00,Saturday,medium
9,86,26.7,clear,2026-05-30,20:45:00,Saturday,medium
9,215,15.2,clear,2026-05-30,13:15:00,Saturday,high
9,460,24.7,rain,2026-05-30,11:00:00,Saturday,high
10,169,37.4,clear,2026-05-30,11:30:00,Saturday,medium
10,217,26.6,fog,2026-05-30,17:30:00,Saturday,medium
10,195,29.5,clear,2026-05-30,03:45:00,Saturday,medium
1,170,25.2,clear,2026-05-31,11:15:00,Sunday,medium
1,215,48.2,clear,2026-05-31,01:00:00,Sunday,medium
1,160,23.9,clear,2026-05-31,15:45:00,Sunday,high
2,115,50.4,clear,2026-05-31,10:30:00,Sunday,low
2,214,27.0,fog,2026-05-31,09:30:00,Sunday,medium
2,284,21.0,rain,2026-05-31,22:30:00,Sunday,high
3,159,16.1,rain,2026-05-31,21:00:00,Sunday,high
3,25,45.0,fog,2026-05-31,23:00:00,Sunday,medium
3,446,24.4,storm,2026-05-31,18:15:00,Sunday,high
4,259,24.6,clear,2026-05-31,16:45:00,Sunday,high
4,301,31.7,clear,2026-05-31,18:00:00,Sunday,medium
4,280,38.3,storm,2026-05-31,04:45:00,Sunday,medium
5,303,11.8,storm,2026-05-31,19:45:00,Sunday,high
5,181,42.9,fog,2026-05-31,16:15:00,Sunday,medium
5,317,28.0,clear,2026-05-31,16:45:00,Sunday,medium
6,152,43.4,fog,2026-05-31,17:30:00,Sunday,medium
6,30,43.0,fog,2026-05-31,23:30:00,Sunday,medium
6,338,27.8,clear,2026-05-31,08:30:00,Sunday,medium
7,231,21.4,storm,2026-05-31,09:15:00,Sunday,high
7,318,40.4,clear,2026-05-31,11:30:00,Sunday,medium
7,369,26.1,clear,2026-05-31,12:45:00,Sunday,high
8,203,38.7,clear,2026-05-31,09:00:00,Sunday,medium
8,254,22.6,storm,2026-05-31,14:30:00,Sunday,high
8,219,26.0,fog,2026-05-31,17:30:00,Sunday,medium
9,394,37.1,clear,2026-05-31,19:15:00,Sunday,high
9,223,46.3,clear,2026-05-31,07:15:00,Sunday,medium
9,329,21.3,storm,2026-05-31,15:00:00,Sunday,high
10,198,10.8,rain,2026-05-31,17:15:00,Sunday,high
10,415,38.1,storm,2026-05-31,15:45:00,Sunday,high
10,385,33.9,storm,2026-05-31,10:30:00,Sunday,high
1,343,8.3,fog,2026-06-01,20:15:00,Monday,high
1,116,62.4,rain,2026-06-01,01:15:00,Monday,low
1,122,104.2,rain,2026-06-01,01:45:00,Monday,low
2,311,27.8,clear,2026-06-01,09:00:00,Monday,medium
2,713,13.9,rain,2026-06-01,10:30:00,Monday,high
2,141,41.6,fog,2026-06-01,15:15:00,Monday,medium
3,67,56.9,clear,2026-06-01,03:30:00,Monday,low
3,171,18.8,clear,2026-06-01,22:15:00,Monday,high
3,228,14.5,clear,2026-06-01,18:15:00,Monday,high
4,151,50.7,fog,2026-06-01,12:45:00,Monday,low
4,16,109.9,clear,2026-06-01,03:15:00,Monday,low
4,105,107.2,rain,2026-06-01,00:30:00,Monday,low
5,356,19.1,fog,2026-06-01,10:30:00,Monday,high
5,525,20.6,storm,2026-06-01,20:30:00,Monday,high
5,121,47.9,clear,2026-06-01,14:30:00,Monday,low
6,390,41.4,storm,2026-06-01,22:30:00,Monday,high
6,414,34.8,fog,2026-06-01,09:30:00,Monday,high
6,250,16.9,rain,2026-06-01,15:15:00,Monday,high
7,215,18.8,fog,2026-06-01,13:45:00,Monday,high
7,91,46.1,fog,2026-06-01,07:00:00,Monday,low
7,96,43.0,clear,2026-06-01,02:00:00,Monday,medium
8,145,52.8,clear,2026-06-01,06:15:00,Monday,low
8,88,66.8,storm,2026-06-01,03:15:00,Monday,low
8,111,44.2,clear,2026-06-01,16:45:00,Monday,medium
9,74,45.1,fog,2026-06-01,14:00:00,Monday,low
9,251,29.2,rain,2026-06-01,23:00:00,Monday,medium
9,97,48.6,clear,2026-06-01,06:00:00,Monday,low
10,495,19.4,clear,2026-06-01,17:00:00,Monday,high
10,384,9.8,clear,2026-06-01,09:45:00,Monday,high
10,238,39.5,clear,2026-06-01,23:45:00,Monday,medium
1,143,23.9,clear,2026-06-02,12:45:00,Tuesday,high
1,557,12.6,storm,2026-06-02,17:15:00,Tuesday,high
1,591,31.9,fog,2026-06-02,17:45:00,Tuesday,high
2,34,111.0,clear,2026-06-02,00:00:00,Tuesday,low
2,180,51.1,clear,2026-06-02,13:45:00,Tuesday,low
2,508,13.2,storm,2026-06-02,08:15:00,Tuesday,high
3,192,15.2,fog,2026-06-02,21:45:00,Tuesday,high
3,101,116.5,clear,2026-06-02,00:15:00,Tuesday,low
3,176,27.8,clear,2026-06-02,14:00:00,Tuesday,medium
4,301,69.4,clear,2026-06-02,07:15:00,Tuesday,medium
4,106,29.7,fog,2026-06-02,07:30:00,Tuesday,medium
4,609,7.7,clear,2026-06-02,10:15:00,Tuesday,high
5,242,31.5,rain,2026-06-02,16:15:00,Tuesday,medium
5,411,9.4,storm,2026-06-02,18:15:00,Tuesday,high
5,72,38.3,storm,2026-06-02,01:30:00,Tuesday,medium
6,600,17.6,rain,2026-06-02,10:45:00,Tuesday,high
6,419,15.9,clear,2026-06-02,17:45:00,Tuesday,high
6,344,22.9,rain,2026-06-02,22:15:00,Tuesday,high
7,254,34.3,rain,2026-06-02,13:15:00,Tuesday,medium
7,546,12.7,rain,2026-06-02,20:00:00,Tuesday,high
7,169,57.8,clear,2026-06-02,23:15:00,Tuesday,low
8,436,29.4,clear,2026-06-02,19:00:00,Tuesday,high
8,298,46.6,rain,2026-06-02,23:15:00,Tuesday,medium
8,643,14.1,clear,2026-06-02,09:00:00,Tuesday,high
9,59,55.9,clear,2026-06-02,03:45:00,Tuesday,low
9,158,48.8,fog,2026-06-02,12:15:00,Tuesday,low
9,174,54.4,clear,2026-06-02,14:30:00,Tuesday,low
10,211,21.8,clear,2026-06-02,15:45:00,Tuesday,high
10,345,21.7,clear,2026-06-02,10:15:00,Tuesday,high
10,170,68.0,clear,2026-06-02,07:15:00,Tuesday,low
1,421,24.4,clear,2026-06-03,18:45:00,Wednesday,high
1,60,22.1,rain,2026-06-03,12:15:00,Wednesday,high
1,739,13.0,rain,2026-06-03,10:30:00,Wednesday,high
2,173,28.9,clear,2026-06-03,15:45:00,Wednesday,medium
2,98,81.3,clear,2026-06-03,04:45:00,Wednesday,low
2,587,22.5,fog,2026-06-03,20:00:00,Wednesday,high
3,81,52.1,clear,2026-06-03,21:00:00,Wednesday,low
3,286,33.5,storm,2026-06-03,07:00:00,Wednesday,medium
3,114,28.0,clear,2026-06-03,14:30:00,Wednesday,medium
4,484,14.3,storm,2026-06-03,19:45:00,Wednesday,high
4,551,21.0,clear,2026-06-03,17:45:00,Wednesday,high
4,174,19.9,clear,2026-06-03,17:30:00,Wednesday,high
5,243,32.8,clear,2026-06-03,13:15:00,Wednesday,medium
5,71,36.4,fog,2026-06-03,07:15:00,Wednesday,medium
5,274,24.4,clear,2026-06-03,08:45:00,Wednesday,high
6,542,20.7,storm,2026-06-03,18:15:00,Wednesday,high
6,52,116.4,clear,2026-06-03,02:00:00,Wednesday,low
6,303,28.9,storm,2026-06-03,15:00:00,Wednesday,medium
7,275,17.8,storm,2026-06-03,15:45:00,Wednesday,high
7,83,158.6,clear,2026-06-03,03:00:00,Wednesday,low
7,405,20.7,clear,2026-06-03,18:45:00,Wednesday,high
8,454,17.7,clear,2026-06-03,08:00:00,Wednesday,high
8,335,10.8,storm,2026-06-03,06:15:00,Wednesday,high
8,373,31.4,fog,2026-06-03,09:15:00,Wednesday,high
9,253,23.9,rain,2026-06-03,12:30:00,Wednesday,high
9,178,28.9,fog,2026-06-03,22:00:00,Wednesday,medium
9,83,76.8,clear,2026-06-03,03:45:00,Wednesday,low
10,454,20.9,clear,2026-06-03,19:45:00,Wednesday,high
10,91,62.5,clear,2026-06-03,14:45:00,Wednesday,low
10,181,24.3,storm,2026-06-03,13:15:00,Wednesday,high
1,348,17.6,clear,2026-06-04,19:30:00,Thursday,high
1,104,59.3,storm,2026-06-04,04:45:00,Thursday,low
1,184,40.8,clear,2026-06-04,12:30:00,Thursday,medium
2,363,17.2,clear,2026-06-04,09:45:00,Thursday,high
2,60,80.0,rain,2026-06-04,02:15:00,Thursday,low
2,244,48.1,clear,2026-06-04,13:00:00,Thursday,medium
3,677,14.6,rain,2026-06-04,19:30:00,Thursday,high
3,35,94.0,fog,2026-06-04,02:15:00,Thursday,low
3,63,133.2,clear,2026-06-04,05:15:00,Thursday,low
4,96,89.3,rain,2026-06-04,02:15:00,Thursday,low
4,108,83.5,clear,2026-06-04,02:30:00,Thursday,low
4,308,33.1,rain,2026-06-04,15:15:00,Thursday,medium
5,92,56.4,fog,2026-06-04,12:30:00,Thursday,low
5,318,13.0,rain,2026-06-04,14:30:00,Thursday,high
5,234,33.1,clear,2026-06-04,19:15:00,Thursday,medium
6,206,50.9,clear,2026-06-04,06:45:00,Thursday,medium
6,437,9.6,storm,2026-06-04,10:30:00,Thursday,high
6,202,27.8,clear,2026-06-04,18:15:00,Thursday,medium
7,216,36.7,clear,2026-06-04,12:30:00,Thursday,medium
7,508,13.3,storm,2026-06-04,17:15:00,Thursday,high
7,289,43.4,storm,2026-06-04,23:45:00,Thursday,medium
8,230,24.4,rain,2026-06-04,22:00:00,Thursday,high
8,256,12.0,clear,2026-06-04,09:15:00,Thursday,high
8,347,28.0,rain,2026-06-04,12:00:00,Thursday,medium
9,333,47.2,fog,2026-06-04,12:45:00,Thursday,medium
9,190,22.6,clear,2026-06-04,22:00:00,Thursday,high
9,169,21.4,storm,2026-06-04,11:15:00,Thursday,high
10,484,18.6,clear,2026-06-04,20:45:00,Thursday,high
10,78,149.0,clear,2026-06-04,00:00:00,Thursday,low
10,372,17.7,rain,2026-06-04,17:15:00,Thursday,high
1,248,39.8,clear,2026-06-05,21:15:00,Friday,medium
1,572,29.5,clear,2026-06-05,09:45:00,Friday,high
1,48,143.8,clear,2026-06-05,04:30:00,Friday,low
2,116,41.9,clear,2026-06-05,16:45:00,Friday,medium
2,196,41.5,clear,2026-06-05,22:45:00,Friday,medium
2,230,25.9,clear,2026-06-05,22:00:00,Friday,medium
3,253,33.9,storm,2026-06-05,21:15:00,Friday,medium
3,48,114.9,fog,2026-06-05,05:30:00,Friday,low
3,139,30.1,clear,2026-06-05,12:15:00,Friday,medium
4,72,59.8,rain,2026-06-05,00:15:00,Friday,low
4,163,58.4,clear,2026-06-05,22:15:00,Friday,low
4,80,124.6,fog,2026-06-05,02:00:00,Friday,low
5,146,27.8,clear,2026-06-05,14:00:00,Friday,medium
5,268,23.9,fog,2026-06-05,20:30:00,Friday,high
5,90,65.7,clear,2026-06-05,03:30:00,Friday,low
6,104,30.4,fog,2026-06-05,21:30:00,Friday,medium
6,333,23.6,clear,2026-06-05,10:00:00,Friday,high
6,118,50.4,fog,2026-06-05,22:15:00,Friday,low
7,597,19.9,rain,2026-06-05,18:45:00,Friday,high
7,204,48.6,fog,2026-06-05,22:15:00,Friday,medium
7,51,42.2,rain,2026-06-05,05:30:00,Friday,medium
8,79,127.8,clear,2026-06-05,00:45:00,Friday,low
8,434,10.2,rain,2026-06-05,17:45:00,Friday,high
8,193,41.5,clear,2026-06-05,14:45:00,Friday,medium
9,168,54.7,clear,2026-06-05,07:30:00,Friday,low
9,70,48.9,fog,2026-06-05,05:45:00,Friday,low
9,516,26.8,fog,2026-06-05,17:00:00,Friday,high
10,196,30.7,storm,2026-06-05,11:00:00,Friday,medium
10,319,16.0,storm,2026-06-05,13:00:00,Friday,high
10,477,22.8,rain,2026-06-05,09:00:00,Friday,high
1,187,31.3,clear,2026-06-06,02:45:00,Saturday,medium
1,183,22.8,storm,2026-06-06,23:30:00,Saturday,high
1,288,15.4,clear,2026-06-06,19:15:00,Saturday,high
2,215,42.0,fog,2026-06-06,18:30:00,Saturday,medium
2,47,26.9,clear,2026-06-06,10:30:00,Saturday,medium
2,367,27.0,clear,2026-06-06,16:00:00,Saturday,high
3,369,40.9,storm,2026-06-06,01:30:00,Saturday,high
3,224,34.4,storm,2026-06-06,07:15:00,Saturday,medium
3,424,29.2,rain,2026-06-06,21:45:00,Saturday,high
4,179,24.8,rain,2026-06-06,20:45:00,Saturday,high
4,179,21.5,fog,2026-06-06,02:45:00,Saturday,high
4,324,22.4,rain,2026-06-06,11:45:00,Saturday,high
5,369,26.5,storm,2026-06-06,23:00:00,Saturday,high
5,197,28.4,clear,2026-06-06,22:30:00,Saturday,medium
5,303,34.3,rain,2026-06-06,13:15:00,Saturday,medium
6,243,23.1,fog,2026-06-06,10:15:00,Saturday,high
6,344,40.2,clear,2026-06-06,21:00:00,Saturday,medium
6,275,28.4,clear,2026-06-06,14:00:00,Saturday,medium
7,376,31.6,rain,2026-06-06,14:00:00,Saturday,high
7,266,22.6,clear,2026-06-06,04:30:00,Saturday,high
7,257,48.8,clear,2026-06-06,02:30:00,Saturday,medium
8,181,35.5,clear,2026-06-06,20:15:00,Saturday,medium
8,178,17.5,rain,2026-06-06,22:15:00,Saturday,high
8,351,34.0,rain,2026-06-06,00:15:00,Saturday,high
9,305,31.2,clear,2026-06-06,16:45:00,Saturday,medium
9,273,31.0,storm,2026-06-06,03:45:00,Saturday,medium
9,345,19.1,storm,2026-06-06,12:00:00,Saturday,high
10,128,42.1,clear,2026-06-06,11:30:00,Saturday,medium
10,172,39.7,clear,2026-06-06,04:15:00,Saturday,medium
10,282,25.7,rain,2026-06-06,20:15:00,Saturday,medium
1,184,22.4,rain,2026-06-07,23:15:00,Sunday,high
1,199,44.7,clear,2026-06-07,06:00:00,Sunday,medium
1,230,37.6,clear,2026-06-07,23:45:00,Sunday,medium
2,152,32.9,clear,2026-06-07,04:15:00,Sunday,medium
2,536,24.1,storm,2026-06-07,19:30:00,Sunday,high
2,149,35.2,fog,2026-06-07,09:15:00,Sunday,medium
3,547,26.7,storm,2026-06-07,12:30:00,Sunday,high
3,327,35.1,rain,2026-06-07,07:45:00,Sunday,medium
3,243,29.8,fog,2026-06-07,19:00:00,Sunday,medium
4,121,42.3,clear,2026-06-07,11:30:00,Sunday,medium
4,179,16.5,fog,2026-06-07,13:30:00,Sunday,high
4,222,43.9,fog,2026-06-07,02:00:00,Sunday,medium
5,133,28.1,rain,2026-06-07,01:00:00,Sunday,medium
5,314,19.4,rain,2026-06-07,16:45:00,Sunday,high
5,261,32.6,clear,2026-06-07,17:15:00,Sunday,medium
6,143,54.1,fog,2026-06-07,06:15:00,Sunday,low
6,194,16.6,clear,2026-06-07,20:00:00,Sunday,high
6,234,46.6,clear,2026-06-07,07:00:00,Sunday,medium
7,176,19.1,clear,2026-06-07,14:00:00,Sunday,high
7,155,22.0,clear,2026-06-07,05:00:00,Sunday,high
7,76,37.0,clear,2026-06-07,05:45:00,Sunday,medium
8,110,54.4,clear,2026-06-07,23:30:00,Sunday,low
8,147,50.9,clear,2026-06-07,08:00:00,Sunday,low
8,210,19.0,clear,2026-06-07,16:00:00,Sunday,high
9,223,28.4,rain,2026-06-07,02:45:00,Sunday,medium
9,307,44.1,clear,2026-06-07,18:15:00,Sunday,medium
9,233,30.1,clear,2026-06-07,18:00:00,Sunday,medium
10,121,42.1,clear,2026-06-07,00:15:00,Sunday,medium
10,54,31.3,clear,2026-06-07,04:15:00,Sunday,medium
10,152,51.2,clear,2026-06-07,23:45:00,Sunday,low
1,215,26.1,clear,2026-06-08,23:30:00,Monday,medium
1,76,135.6,clear,2026-06-08,03:00:00,Monday,low
1,106,58.0,clear,2026-06-08,01:45:00,Monday,low
2,345,19.8,clear,2026-06-08,09:30:00,Monday,high
2,201,20.8,fog,2026-06-08,06:30:00,Monday,high
2,121,32.4,clear,2026-06-08,07:45:00,Monday,medium
3,241,40.5,clear,2026-06-08,06:15:00,Monday,medium
3,343,13.7,storm,2026-06-08,07:30:00,Monday,high
3,307,19.2,storm,2026-06-08,10:00:00,Monday,high
4,273,19.2,clear,2026-06-08,09:00:00,Monday,high
4,173,34.9,clear,2026-06-08,15:00:00,Monday,medium
4,325,22.8,storm,2026-06-08,07:45:00,Monday,high
5,206,43.6,fog,2026-06-08,23:00:00,Monday,medium
5,121,34.7,fog,2026-06-08,12:00:00,Monday,medium
5,70,126.0,clear,2026-06-08,04:15:00,Monday,low
6,138,42.6,clear,2026-06-08,12:30:00,Monday,medium
6,201,43.6,fog,2026-06-08,06:15:00,Monday,medium
6,118,48.2,clear,2026-06-08,14:45:00,Monday,low
7,65,45.4,clear,2026-06-08,06:45:00,Monday,low
7,83,103.0,storm,2026-06-08,02:15:00,Monday,low
7,414,15.4,clear,2026-06-08,19:00:00,Monday,high
8,65,105.8,clear,2026-06-08,02:15:00,Monday,low
8,479,21.2,clear,2026-06-08,09:30:00,Monday,high
8,74,45.1,clear,2026-06-08,14:15:00,Monday,low
9,110,119.8,clear,2026-06-08,04:00:00,Monday,low
9,205,29.6,clear,2026-06-08,07:15:00,Monday,medium
9,130,13.1,fog,2026-06-08,20:00:00,Monday,high
10,83,140.9,clear,2026-06-08,02:00:00,Monday,low
10,113,149.9,clear,2026-06-08,04:00:00,Monday,low
10,36,119.6,fog,2026-06-08,01:15:00,Monday,low
1,230,23.7,rain,2026-06-09,15:00:00,Tuesday,high
1,156,64.4,clear,2026-06-09,06:15:00,Tuesday,low
1,91,92.6,storm,2026-06-09,01:15:00,Tuesday,low
2,460,23.1,clear,2026-06-09,17:45:00,Tuesday,high
2,328,21.6,storm,2026-06-09,13:15:00,Tuesday,high
2,535,10.3,rain,2026-06-09,20:00:00,Tuesday,high
3,480,16.3,clear,2026-06-09,17:45:00,Tuesday,high
3,259,42.6,clear,2026-06-09,12:30:00,Tuesday,medium
3,81,68.4,clear,2026-06-09,00:30:00,Tuesday,low
4,250,50.3,clear,2026-06-09,11:15:00,Tuesday,medium
4,56,12.2,clear,2026-06-09,08:00:00,Tuesday,high
4,216,54.4,clear,2026-06-09,12:30:00,Tuesday,medium
5,271,43.3,fog,2026-06-09,23:30:00,Tuesday,medium
5,576,16.4,fog,2026-06-09,18:15:00,Tuesday,high
5,153,40.3,clear,2026-06-09,15:30:00,Tuesday,medium
6,177,39.9,clear,2026-06-09,07:15:00,Tuesday,medium
6,319,23.2,clear,2026-06-09,19:15:00,Tuesday,high
6,472,27.5,clear,2026-06-09,10:00:00,Tuesday,high
7,111,41.4,fog,2026-06-09,04:00:00,Tuesday,medium
7,220,46.0,fog,2026-06-09,11:45:00,Tuesday,medium
7,157,59.4,storm,2026-06-09,04:15:00,Tuesday,low
8,159,25.1,clear,2026-06-09,15:30:00,Tuesday,medium
8,248,10.5,clear,2026-06-09,19:30:00,Tuesday,high
8,235,24.4,storm,2026-06-09,12:30:00,Tuesday,high
9,331,25.9,storm,2026-06-09,23:00:00,Tuesday,medium
9,143,11.9,clear,2026-06-09,18:00:00,Tuesday,high
9,142,10.3,storm,2026-06-09,19:15:00,Tuesday,high
10,128,80.7,storm,2026-06-09,04:30:00,Tuesday,low
10,558,13.1,storm,2026-06-09,10:15:00,Tuesday,high
10,309,29.0,rain,2026-06-09,22:30:00,Tuesday,medium
1,178,45.7,clear,2026-06-10,22:00:00,Wednesday,low
1,68,79.9,rain,2026-06-10,00:00:00,Wednesday,low
1,123,57.9,rain,2026-06-10,05:45:00,Wednesday,low
2,278,17.6,rain,2026-06-10,12:00:00,Wednesday,high
2,77,46.5,clear,2026-06-10,21:15:00,Wednesday,low
2,47,167.1,clear,2026-06-10,01:30:00,Wednesday,low
3,82,88.5,clear,2026-06-10,02:30:00,Wednesday,low
3,44,77.0,clear,2026-06-10,02:00:00,Wednesday,low
3,299,26.8,rain,2026-06-10,15:00:00,Wednesday,medium
4,212,44.8,clear,2026-06-10,13:15:00,Wednesday,medium
4,71,22.1,storm,2026-06-10,06:45:00,Wednesday,high
4,479,17.4,storm,2026-06-10,17:30:00,Wednesday,high
5,45,89.3,fog,2026-06-10,01:45:00,Wednesday,low
5,53,111.0,clear,2026-06-10,01:30:00,Wednesday,low
5,213,44.7,clear,2026-06-10,21:45:00,Wednesday,medium
6,301,20.5,clear,2026-06-10,20:30:00,Wednesday,high
6,304,24.4,rain,2026-06-10,12:45:00,Wednesday,high
6,278,24.3,clear,2026-06-10,20:45:00,Wednesday,high
7,69,133.4,clear,2026-06-10,05:45:00,Wednesday,low
7,272,47.6,fog,2026-06-10,07:30:00,Wednesday,medium
7,126,21.0,clear,2026-06-10,21:00:00,Wednesday,high
8,235,44.4,fog,2026-06-10,13:15:00,Wednesday,medium
8,125,14.0,fog,2026-06-10,16:45:00,Wednesday,high
8,453,18.4,rain,2026-06-10,18:15:00,Wednesday,high
9,114,33.7,fog,2026-06-10,22:00:00,Wednesday,medium
9,484,17.9,clear,2026-06-10,18:15:00,Wednesday,high
9,89,122.4,clear,2026-06-10,05:15:00,Wednesday,low
10,264,39.7,clear,2026-06-10,21:45:00,Wednesday,medium
10,585,12.9,clear,2026-06-10,19:30:00,Wednesday,high
10,60,62.0,rain,2026-06-10,02:00:00,Wednesday,low
1,398,11.8,clear,2026-06-11,08:45:00,Thursday,high
1,150,43.5,clear,2026-06-11,16:45:00,Thursday,medium
1,308,18.9,clear,2026-06-11,18:00:00,Thursday,high
2,482,20.5,rain,2026-06-11,09:30:00,Thursday,high
2,417,25.4,clear,2026-06-11,18:45:00,Thursday,high
2,164,27.5,clear,2026-06-11,19:45:00,Thursday,medium
3,176,13.0,clear,2026-06-11,22:15:00,Thursday,high
3,200,30.7,clear,2026-06-11,11:00:00,Thursday,medium
3,324,3.7,storm,2026-06-11,08:45:00,Thursday,high
4,244,37.9,clear,2026-06-11,07:15:00,Thursday,medium
4,294,17.4,storm,2026-06-11,10:30:00,Thursday,high
4,232,33.6,clear,2026-06-11,06:45:00,Thursday,medium
5,144,39.3,clear,2026-06-11,15:30:00,Thursday,medium
5,387,12.8,clear,2026-06-11,09:45:00,Thursday,high
5,439,30.6,clear,2026-06-11,18:00:00,Thursday,high
6,20,118.1,clear,2026-06-11,01:15:00,Thursday,low
6,134,49.9,clear,2026-06-11,22:15:00,Thursday,low
6,331,30.2,storm,2026-06-11,12:00:00,Thursday,medium
7,491,18.3,clear,2026-06-11,19:45:00,Thursday,high
7,491,30.9,clear,2026-06-11,17:30:00,Thursday,high
7,198,40.7,clear,2026-06-11,23:00:00,Thursday,medium
8,251,12.8,clear,2026-06-11,18:15:00,Thursday,high
8,567,21.3,fog,2026-06-11,08:45:00,Thursday,high
8,355,22.0,rain,2026-06-11,21:00:00,Thursday,high
9,356,30.8,clear,2026-06-11,19:00:00,Thursday,high
9,763,9.2,rain,2026-06-11,09:30:00,Thursday,high
9,91,43.7,clear,2026-06-11,14:30:00,Thursday,medium
10,474,24.3,fog,2026-06-11,19:45:00,Thursday,high
10,130,26.9,fog,2026-06-11,21:30:00,Thursday,medium
10,965,19.3,rain,2026-06-11,09:00:00,Thursday,high
1,346,29.4,clear,2026-06-12,20:30:00,Friday,medium
1,480,28.3,clear,2026-06-12,20:30:00,Friday,high
1,92,82.1,storm,2026-06-12,01:45:00,Friday,low
2,70,131.2,clear,2026-06-12,00:45:00,Friday,low
2,159,24.9,fog,2026-06-12,12:00:00,Friday,high
2,222,15.9,storm,2026-06-12,06:30:00,Friday,high
3,414,17.1,storm,2026-06-12,20:45:00,Friday,high
3,82,109.0,clear,2026-06-12,05:15:00,Friday,low
3,701,10.6,storm,2026-06-12,08:15:00,Friday,high
4,178,29.7,clear,2026-06-12,07:30:00,Friday,medium
4,244,16.6,clear,2026-06-12,10:30:00,Friday,high
4,93,70.4,clear,2026-06-12,03:45:00,Friday,low
5,656,11.1,rain,2026-06-12,19:00:00,Friday,high
5,174,43.8,fog,2026-06-12,21:45:00,Friday,medium
5,33,174.0,clear,2026-06-12,04:15:00,Friday,low
6,204,34.2,clear,2026-06-12,14:15:00,Friday,medium
6,61,86.3,clear,2026-06-12,02:45:00,Friday,low
6,281,21.2,clear,2026-06-12,20:00:00,Friday,high
7,113,35.1,rain,2026-06-12,05:15:00,Friday,medium
7,68,81.2,storm,2026-06-12,04:45:00,Friday,low
7,218,41.9,clear,2026-06-12,15:45:00,Friday,medium
8,183,25.2,clear,2026-06-12,11:00:00,Friday,medium
8,98,56.2,storm,2026-06-12,00:00:00,Friday,low
8,236,48.5,clear,2026-06-12,11:30:00,Friday,medium
9,405,15.5,clear,2026-06-12,09:15:00,Friday,high
9,300,13.6,storm,2026-06-12,09:45:00,Friday,high
9,249,39.7,clear,2026-06-12,13:15:00,Friday,medium
10,311,29.3,rain,2026-06-12,06:15:00,Friday,medium
10,140,74.9,storm,2026-06-12,04:15:00,Friday,low
10,95,66.6,storm,2026-06-12,03:30:00,Friday,low
1,159,22.1,fog,2026-06-13,20:30:00,Saturday,high
1,265,26.3,storm,2026-06-13,01:00:00,Saturday,medium
1,174,35.9,rain,2026-06-13,03:45:00,Saturday,medium
2,196,18.5,clear,2026-06-13,15:15:00,Saturday,high
2,334,34.7,storm,2026-06-13,09:45:00,Saturday,medium
2,352,19.3,rain,2026-06-13,19:15:00,Saturday,high
3,201,43.7,clear,2026-06-13,23:00:00,Saturday,medium
3,259,11.9,clear,2026-06-13,06:15:00,Saturday,high
3,286,40.6,clear,2026-06-13,11:45:00,Saturday,medium
4,180,41.9,clear,2026-06-13,06:45:00,Saturday,medium
4,163,34.0,fog,2026-06-13,02:00:00,Saturday,medium
4,221,10.2,storm,2026-06-13,02:00:00,Saturday,high
5,418,21.6,rain,2026-06-13,20:15:00,Saturday,high
5,295,13.4,clear,2026-06-13,14:00:00,Saturday,high
5,199,41.5,storm,2026-06-13,09:30:00,Saturday,medium
6,232,25.8,clear,2026-06-13,03:00:00,Saturday,medium
6,297,21.6,clear,2026-06-13,05:30:00,Saturday,high
6,195,33.0,clear,2026-06-13,08:00:00,Saturday,medium
7,312,28.4,rain,2026-06-13,12:45:00,Saturday,medium
7,377,19.4,storm,2026-06-13,15:45:00,Saturday,high
7,284,56.0,clear,2026-06-13,04:00:00,Saturday,medium
8,130,20.4,clear,2026-06-13,15:45:00,Saturday,high
8,455,14.7,storm,2026-06-13,19:00:00,Saturday,high
8,317,34.3,rain,2026-06-13,04:45:00,Saturday,medium
9,174,38.4,clear,2026-06-13,01:00:00,Saturday,medium
9,419,16.3,storm,2026-06-13,21:15:00,Saturday,high
9,218,23.1,rain,2026-06-13,22:00:00,Saturday,high
10,286,20.8,clear,2026-06-13,11:45:00,Saturday,high
10,205,26.5,clear,2026-06-13,19:00:00,Saturday,medium
10,314,35.6,clear,2026-06-13,15:45:00,Saturday,medium
1,220,42.7,clear,2026-06-14,07:30:00,Sunday,medium
1,345,19.5,rain,2026-06-14,20:45:00,Sunday,high
1,286,22.9,clear,2026-06-14,14:45:00,Sunday,high
2,229,25.3,storm,2026-06-14,03:45:00,Sunday,medium
2,95,25.5,fog,2026-06-14,13:00:00,Sunday,medium
2,128,25.6,fog,2026-06-14,19:30:00,Sunday,medium
3,299,15.6,clear,2026-06-14,14:30:00,Sunday,high
3,245,18.3,fog,2026-06-14,14:30:00,Sunday,high
3,215,29.7,storm,2026-06-14,22:30:00,Sunday,medium
4,154,45.4,clear,2026-06-14,21:15:00,Sunday,low
4,392,39.9,storm,2026-06-14,09:30:00,Sunday,high
4,322,15.2,storm,2026-06-14,15:15:00,Sunday,high
5,265,56.1,clear,2026-06-14,08:15:00,Sunday,medium
5,174,34.4,clear,2026-06-14,06:45:00,Sunday,medium
5,403,14.5,storm,2026-06-14,13:00:00,Sunday,high
6,218,17.8,storm,2026-06-14,14:45:00,Sunday,high
6,225,19.1,fog,2026-06-14,15:00:00,Sunday,high
6,267,10.9,fog,2026-06-14,13:45:00,Sunday,high
7,267,24.9,storm,2026-06-14,22:15:00,Sunday,high
7,293,24.2,fog,2026-06-14,21:30:00,Sunday,high
7,176,35.8,clear,2026-06-14,19:15:00,Sunday,medium
8,232,52.4,clear,2026-06-14,09:45:00,Sunday,medium
8,182,26.4,storm,2026-06-14,23:30:00,Sunday,medium
8,203,58.4,clear,2026-06-14,23:15:00,Sunday,medium
9,443,29.7,storm,2026-06-14,21:30:00,Sunday,high
9,310,33.9,storm,2026-06-14,05:30:00,Sunday,medium
9,324,9.3,storm,2026-06-14,15:45:00,Sunday,high
10,166,39.6,clear,2026-06-14,09:45:00,Sunday,medium
10,314,30.9,storm,2026-06-14,04:00:00,Sunday,medium
10,251,45.0,storm,2026-06-14,05:30:00,Sunday,medium
1,180,36.9,clear,2026-06-15,22:30:00,Monday,medium
1,246,25.5,fog,2026-06-15,14:00:00,Monday,medium
1,73,38.5,clear,2026-06-15,07:45:00,Monday,medium
2,153,11.7,storm,2026-06-15,22:30:00,Monday,high
2,211,38.6,storm,2026-06-15,12:45:00,Monday,medium
2,41,64.1,clear,2026-06-15,00:30:00,Monday,low
3,217,16.7,storm,2026-06-15,14:15:00,Monday,high
3,640,13.5,storm,2026-06-15,18:15:00,Monday,high
3,110,88.6,clear,2026-06-15,05:00:00,Monday,low
4,44,116.6,clear,2026-06-15,03:45:00,Monday,low
4,73,97.4,fog,2026-06-15,04:15:00,Monday,low
4,210,48.7,clear,2026-06-15,14:15:00,Monday,medium
5,111,45.2,rain,2026-06-15,01:30:00,Monday,low
5,74,118.8,fog,2026-06-15,02:30:00,Monday,low
5,67,65.6,rain,2026-06-15,02:15:00,Monday,low
6,152,30.8,clear,2026-06-15,11:15:00,Monday,medium
6,10,16.1,fog,2026-06-15,09:15:00,Monday,high
6,296,14.3,clear,2026-06-15,20:00:00,Monday,high
7,316,15.2,clear,2026-06-15,20:15:00,Monday,high
7,53,93.9,clear,2026-06-15,03:45:00,Monday,low
7,201,27.7,fog,2026-06-15,16:30:00,Monday,medium
8,115,95.5,storm,2026-06-15,01:30:00,Monday,low
8,39,91.3,fog,2026-06-15,03:15:00,Monday,low
8,217,30.4,storm,2026-06-15,06:15:00,Monday,medium
9,530,12.8,storm,2026-06-15,17:45:00,Monday,high
9,127,42.7,clear,2026-06-15,21:15:00,Monday,medium
9,79,120.6,clear,2026-06-15,02:00:00,Monday,low
10,50,118.0,clear,2026-06-15,02:15:00,Monday,low
10,269,41.9,clear,2026-06-15,12:45:00,Monday,medium
10,492,12.8,storm,2026-06-15,17:00:00,Monday,high
1,297,22.0,storm,2026-06-16,23:00:00,Tuesday,high
1,191,30.1,clear,2026-06-16,16:00:00,Tuesday,medium
1,54,98.4,rain,2026-06-16,02:30:00,Tuesday,low
2,59,96.6,clear,2026-06-16,00:45:00,Tuesday,low
2,330,38.7,storm,2026-06-16,12:30:00,Tuesday,medium
2,107,35.0,clear,2026-06-16,23:30:00,Tuesday,medium
3,50,86.8,clear,2026-06-16,03:00:00,Tuesday,low
3,409,29.6,clear,2026-06-16,17:00:00,Tuesday,high
3,106,49.0,clear,2026-06-16,23:30:00,Tuesday,low
4,213,55.2,clear,2026-06-16,16:15:00,Tuesday,medium
4,449,29.8,clear,2026-06-16,08:15:00,Tuesday,high
4,74,66.0,storm,2026-06-16,01:45:00,Tuesday,low
5,82,137.4,clear,2026-06-16,02:30:00,Tuesday,low
5,318,16.1,clear,2026-06-16,10:30:00,Tuesday,high
5,305,26.0,clear,2026-06-16,09:00:00,Tuesday,medium
6,316,11.5,storm,2026-06-16,19:30:00,Tuesday,high
6,287,35.1,rain,2026-06-16,11:30:00,Tuesday,medium
6,197,34.6,clear,2026-06-16,07:45:00,Tuesday,medium
7,174,30.4,rain,2026-06-16,23:30:00,Tuesday,medium
7,493,25.5,fog,2026-06-16,09:45:00,Tuesday,high
7,84,87.5,clear,2026-06-16,02:30:00,Tuesday,low
8,266,29.3,storm,2026-06-16,23:00:00,Tuesday,medium
8,89,30.2,fog,2026-06-16,16:00:00,Tuesday,medium
8,171,65.4,fog,2026-06-16,06:00:00,Tuesday,low
9,529,10.2,storm,2026-06-16,17:45:00,Tuesday,high
9,110,43.2,clear,2026-06-16,07:30:00,Tuesday,medium
9,224,40.6,fog,2026-06-16,12:30:00,Tuesday,medium
10,404,22.7,fog,2026-06-16,19:15:00,Tuesday,high
10,459,4.2,storm,2026-06-16,18:15:00,Tuesday,high
10,103,88.1,rain,2026-06-16,01:15:00,Tuesday,low
1,301,46.6,storm,2026-06-17,07:00:00,Wednesday,medium
1,402,19.8,rain,2026-06-17,11:45:00,Wednesday,high
1,63,65.1,clear,2026-06-17,01:30:00,Wednesday,low
2,288,19.0,fog,2026-06-17,08:30:00,Wednesday,high
2,141,13.3,clear,2026-06-17,20:45:00,Wednesday,high
2,124,68.8,rain,2026-06-17,02:30:00,Wednesday,low
3,111,41.1,clear,2026-06-17,12:30:00,Wednesday,medium
3,455,15.6,fog,2026-06-17,19:00:00,Wednesday,high
3,154,33.5,fog,2026-06-17,07:00:00,Wednesday,medium
4,36,66.9,clear,2026-06-17,05:15:00,Wednesday,low
4,302,15.9,rain,2026-06-17,21:15:00,Wednesday,high
4,264,33.5,rain,2026-06-17,15:45:00,Wednesday,medium
5,255,44.2,clear,2026-06-17,13:00:00,Wednesday,medium
5,30,67.8,storm,2026-06-17,05:15:00,Wednesday,low
5,71,118.9,clear,2026-06-17,04:00:00,Wednesday,low
6,230,12.8,storm,2026-06-17,12:00:00,Wednesday,high
6,71,56.4,rain,2026-06-17,02:15:00,Wednesday,low
6,219,25.8,clear,2026-06-17,15:15:00,Wednesday,medium
7,309,16.0,fog,2026-06-17,18:15:00,Wednesday,high
7,225,26.7,rain,2026-06-17,23:30:00,Wednesday,medium
7,211,45.1,clear,2026-06-17,12:45:00,Wednesday,medium
8,150,35.4,clear,2026-06-17,16:45:00,Wednesday,medium
8,300,19.9,fog,2026-06-17,19:00:00,Wednesday,high
8,177,39.9,fog,2026-06-17,15:15:00,Wednesday,medium
9,72,51.7,fog,2026-06-17,21:45:00,Wednesday,low
9,243,34.8,clear,2026-06-17,22:45:00,Wednesday,medium
9,224,15.3,fog,2026-06-17,12:30:00,Wednesday,high
10,315,35.8,rain,2026-06-17,22:00:00,Wednesday,medium
10,118,31.3,clear,2026-06-17,07:00:00,Wednesday,medium
10,306,9.8,clear,2026-06-17,08:15:00,Wednesday,high
1,534,20.4,fog,2026-06-18,18:00:00,Thursday,high
1,220,32.4,rain,2026-06-18,22:30:00,Thursday,medium
1,437,15.0,clear,2026-06-18,20:30:00,Thursday,high
2,206,32.0,storm,2026-06-18,11:30:00,Thursday,medium
2,255,25.6,clear,2026-06-18,17:45:00,Thursday,medium
2,255,27.8,fog,2026-06-18,08:30:00,Thursday,medium
3,296,32.8,storm,2026-06-18,23:15:00,Thursday,medium
3,193,51.8,clear,2026-06-18,22:15:00,Thursday,low
3,229,25.5,clear,2026-06-18,10:00:00,Thursday,medium
4,132,61.1,rain,2026-06-18,02:15:00,Thursday,low
4,49,129.8,clear,2026-06-18,02:30:00,Thursday,low
4,175,21.7,rain,2026-06-18,23:45:00,Thursday,high
5,138,30.0,clear,2026-06-18,22:00:00,Thursday,medium
5,259,43.4,clear,2026-06-18,06:30:00,Thursday,medium
5,187,42.8,fog,2026-06-18,16:15:00,Thursday,medium
6,221,45.0,clear,2026-06-18,07:00:00,Thursday,medium
6,163,35.5,storm,2026-06-18,12:30:00,Thursday,medium
6,197,10.2,storm,2026-06-18,16:00:00,Thursday,high
7,683,5.9,storm,2026-06-18,17:30:00,Thursday,high
7,202,70.5,clear,2026-06-18,11:30:00,Thursday,medium
7,217,40.2,fog,2026-06-18,14:45:00,Thursday,medium
8,224,44.4,fog,2026-06-18,16:00:00,Thursday,medium
8,84,63.8,fog,2026-06-18,03:30:00,Thursday,low
8,119,22.9,rain,2026-06-18,22:45:00,Thursday,high
9,287,15.7,storm,2026-06-18,10:45:00,Thursday,high
9,70,129.4,clear,2026-06-18,00:45:00,Thursday,low
9,132,45.9,clear,2026-06-18,07:15:00,Thursday,low
10,566,11.5,storm,2026-06-18,17:00:00,Thursday,high
10,100,51.8,storm,2026-06-18,02:45:00,Thursday,low
10,457,17.1,rain,2026-06-18,17:15:00,Thursday,high
1,531,17.0,clear,2026-06-19,18:30:00,Friday,high
1,294,41.9,storm,2026-06-19,06:45:00,Friday,medium
1,386,24.3,clear,2026-06-19,08:15:00,Friday,high
2,370,17.0,clear,2026-06-19,19:30:00,Friday,high
2,119,102.5,fog,2026-06-19,02:45:00,Friday,low
2,51,76.0,clear,2026-06-19,01:45:00,Friday,low
3,620,20.9,rain,2026-06-19,18:30:00,Friday,high
3,271,39.6,rain,2026-06-19,16:30:00,Friday,medium
3,108,69.4,rain,2026-06-19,01:45:00,Friday,low
4,267,19.2,storm,2026-06-19,11:45:00,Friday,high
4,70,95.7,clear,2026-06-19,03:45:00,Friday,low
4,225,46.7,fog,2026-06-19,06:45:00,Friday,medium
5,352,24.7,fog,2026-06-19,08:15:00,Friday,high
5,410,25.8,clear,2026-06-19,19:30:00,Friday,high
5,209,32.3,clear,2026-06-19,13:30:00,Friday,medium
6,54,49.3,fog,2026-06-19,05:15:00,Friday,low
6,68,31.9,clear,2026-06-19,23:30:00,Friday,medium
6,341,41.1,storm,2026-06-19,06:15:00,Friday,medium
7,147,105.3,rain,2026-06-19,05:45:00,Friday,low
7,437,19.5,rain,2026-06-19,20:30:00,Friday,high
7,585,15.8,rain,2026-06-19,18:00:00,Friday,high
8,272,25.3,rain,2026-06-19,06:30:00,Friday,medium
8,130,51.8,clear,2026-06-19,23:30:00,Friday,low
8,265,22.9,clear,2026-06-19,08:30:00,Friday,high
9,102,32.0,fog,2026-06-19,21:15:00,Friday,medium
9,58,131.9,clear,2026-06-19,05:30:00,Friday,low
9,143,46.7,clear,2026-06-19,23:45:00,Friday,low
10,185,9.3,clear,2026-06-19,20:15:00,Friday,high
10,228,45.3,clear,2026-06-19,13:45:00,Friday,medium
10,469,17.6,storm,2026-06-19,10:30:00,Friday,high
1,337,20.3,clear,2026-06-20,20:45:00,Saturday,high
1,433,33.2,rain,2026-06-20,11:45:00,Saturday,high
1,250,42.7,storm,2026-06-20,04:15:00,Saturday,medium
2,193,44.9,clear,2026-06-20,23:00:00,Saturday,medium
2,277,46.8,fog,2026-06-20,02:45:00,Saturday,medium
2,230,36.1,clear,2026-06-20,16:00:00,Saturday,medium
3,250,45.7,clear,2026-06-20,20:45:00,Saturday,medium
3,186,29.8,clear,2026-06-20,14:15:00,Saturday,medium
3,224,29.9,clear,2026-06-20,01:30:00,Saturday,medium
4,40,39.1,fog,2026-06-20,17:30:00,Saturday,medium
4,110,30.2,fog,2026-06-20,22:15:00,Saturday,medium
4,172,22.0,fog,2026-06-20,20:45:00,Saturday,high
5,238,34.7,fog,2026-06-20,11:45:00,Saturday,medium
5,247,35.8,rain,2026-06-20,09:30:00,Saturday,medium
5,162,54.5,clear,2026-06-20,00:15:00,Saturday,low
6,208,42.5,rain,2026-06-20,22:45:00,Saturday,medium
6,142,37.7,clear,2026-06-20,09:15:00,Saturday,medium
6,327,32.4,rain,2026-06-20,17:45:00,Saturday,medium
7,335,24.6,rain,2026-06-20,20:45:00,Saturday,high
7,249,10.6,fog,2026-06-20,20:15:00,Saturday,high
7,135,28.1,clear,2026-06-20,22:30:00,Saturday,medium
8,203,33.9,clear,2026-06-20,08:45:00,Saturday,medium
8,163,31.2,storm,2026-06-20,09:00:00,Saturday,medium
8,165,46.2,clear,2026-06-20,22:45:00,Saturday,low
9,296,29.5,clear,2026-06-20,17:00:00,Saturday,medium
9,288,28.8,storm,2026-06-20,04:45:00,Saturday,medium
9,151,48.7,clear,2026-06-20,00:45:00,Saturday,low
10,318,20.4,rain,2026-06-20,15:30:00,Saturday,high
10,173,51.9,clear,2026-06-20,02:15:00,Saturday,low
10,287,47.3,clear,2026-06-20,17:45:00,Saturday,medium
1,355,28.4,clear,2026-06-21,12:00:00,Sunday,high
1,232,28.4,clear,2026-06-21,12:45:00,Sunday,medium
1,207,25.3,fog,2026-06-21,14:00:00,Sunday,medium
2,302,43.3,clear,2026-06-21,12:30:00,Sunday,medium
2,129,41.2,clear,2026-06-21,23:00:00,Sunday,medium
2,338,25.1,storm,2026-06-21,11:00:00,Sunday,medium
3,372,32.3,clear,2026-06-21,20:45:00,Sunday,high
3,331,21.1,rain,2026-06-21,18:00:00,Sunday,high
3,185,23.9,storm,2026-06-21,01:45:00,Sunday,high
4,88,40.0,clear,2026-06-21,02:15:00,Sunday,medium
4,158,45.5,clear,2026-06-21,10:00:00,Sunday,low
4,166,31.4,clear,2026-06-21,17:00:00,Sunday,medium
5,325,20.6,rain,2026-06-21,17:30:00,Sunday,high
5,482,32.5,storm,2026-06-21,12:30:00,Sunday,high
5,200,44.5,fog,2026-06-21,15:45:00,Sunday,medium
6,123,55.9,fog,2026-06-21,06:15:00,Sunday,low
6,115,37.5,clear,2026-06-21,08:15:00,Sunday,medium
6,371,28.6,rain,2026-06-21,08:30:00,Sunday,high
7,179,24.8,clear,2026-06-21,12:15:00,Sunday,high
7,213,17.5,clear,2026-06-21,19:15:00,Sunday,high
7,143,29.1,clear,2026-06-21,17:45:00,Sunday,medium
8,217,40.0,fog,2026-06-21,17:15:00,Sunday,medium
8,157,39.4,clear,2026-06-21,10:00:00,Sunday,medium
8,200,53.2,clear,2026-06-21,04:15:00,Sunday,medium
9,142,30.7,fog,2026-06-21,03:00:00,Sunday,medium
9,162,40.1,clear,2026-06-21,15:30:00,Sunday,medium
9,103,17.1,clear,2026-06-21,02:00:00,Sunday,high
10,351,32.6,storm,2026-06-21,02:45:00,Sunday,high
10,468,25.2,storm,2026-06-21,13:30:00,Sunday,high
10,411,24.4,storm,2026-06-21,16:00:00,Sunday,high
1,168,25.4,clear,2026-06-22,06:00:00,Monday,medium
1,136,27.0,fog,2026-06-22,06:15:00,Monday,medium
1,138,90.2,storm,2026-06-22,05:45:00,Monday,low
2,163,13.3,storm,2026-06-22,11:45:00,Monday,high
2,54,115.8,fog,2026-06-22,05:15:00,Monday,low
2,96,78.2,clear,2026-06-22,05:45:00,Monday,low
3,519,9.8,rain,2026-06-22,10:30:00,Monday,high
3,184,55.0,fog,2026-06-22,23:30:00,Monday,low
3,243,36.9,clear,2026-06-22,12:30:00,Monday,medium
4,319,30.1,storm,2026-06-22,12:00:00,Monday,medium
4,141,103.6,clear,2026-06-22,00:15:00,Monday,low
4,199,11.5,clear,2026-06-22,06:30:00,Monday,high
5,469,21.3,clear,2026-06-22,08:15:00,Monday,high
5,85,85.5,clear,2026-06-22,04:30:00,Monday,low
5,219,16.7,clear,2026-06-22,08:30:00,Monday,high
6,208,37.3,storm,2026-06-22,06:00:00,Monday,medium
6,169,37.4,fog,2026-06-22,15:00:00,Monday,medium
6,410,6.7,clear,2026-06-22,18:45:00,Monday,high
7,211,18.6,rain,2026-06-22,10:30:00,Monday,high
7,266,20.3,storm,2026-06-22,07:00:00,Monday,high
7,293,19.2,clear,2026-06-22,09:00:00,Monday,high
8,272,46.1,clear,2026-06-22,16:15:00,Monday,medium
8,156,37.6,fog,2026-06-22,12:45:00,Monday,medium
8,297,34.8,rain,2026-06-22,13:30:00,Monday,medium
9,159,43.0,fog,2026-06-22,15:00:00,Monday,medium
9,282,31.9,storm,2026-06-22,16:45:00,Monday,medium
9,330,17.7,rain,2026-06-22,17:15:00,Monday,high
10,547,24.5,clear,2026-06-22,17:15:00,Monday,high
10,300,14.4,clear,2026-06-22,10:00:00,Monday,high
10,130,54.5,clear,2026-06-22,11:15:00,Monday,low
1,88,7.8,clear,2026-06-23,09:15:00,Tuesday,high
1,400,33.0,rain,2026-06-23,14:15:00,Tuesday,high
1,185,16.5,clear,2026-06-23,06:30:00,Tuesday,high
2,124,78.4,clear,2026-06-23,03:00:00,Tuesday,low
2,339,17.3,clear,2026-06-23,09:00:00,Tuesday,high
2,131,57.1,clear,2026-06-23,14:45:00,Tuesday,low
3,134,38.6,fog,2026-06-23,06:15:00,Tuesday,medium
3,246,27.0,storm,2026-06-23,15:15:00,Tuesday,medium
3,407,24.3,clear,2026-06-23,18:00:00,Tuesday,high
4,38,46.3,clear,2026-06-23,22:30:00,Tuesday,low
4,92,112.9,storm,2026-06-23,02:45:00,Tuesday,low
4,299,42.9,clear,2026-06-23,21:30:00,Tuesday,medium
5,501,19.1,clear,2026-06-23,20:45:00,Tuesday,high
5,99,41.6,clear,2026-06-23,22:00:00,Tuesday,medium
5,45,99.9,clear,2026-06-23,02:15:00,Tuesday,low
6,181,54.7,clear,2026-06-23,22:00:00,Tuesday,low
6,502,13.5,rain,2026-06-23,10:45:00,Tuesday,high
6,148,33.8,clear,2026-06-23,21:30:00,Tuesday,medium
7,93,22.5,clear,2026-06-23,16:30:00,Tuesday,high
7,101,152.2,clear,2026-06-23,00:30:00,Tuesday,low
7,170,25.6,clear,2026-06-23,21:15:00,Tuesday,medium
8,254,33.5,rain,2026-06-23,21:15:00,Tuesday,medium
8,393,13.5,rain,2026-06-23,09:30:00,Tuesday,high
8,58,143.7,clear,2026-06-23,04:15:00,Tuesday,low
9,481,27.9,rain,2026-06-23,16:15:00,Tuesday,high
9,98,115.3,clear,2026-06-23,04:15:00,Tuesday,low
9,129,62.5,clear,2026-06-23,23:00:00,Tuesday,low
10,225,31.5,clear,2026-06-23,23:00:00,Tuesday,medium
10,247,12.7,rain,2026-06-23,13:30:00,Tuesday,high
10,370,17.2,clear,2026-06-23,20:30:00,Tuesday,high
1,47,72.6,fog,2026-06-24,05:00:00,Wednesday,low
1,380,29.1,fog,2026-06-24,19:15:00,Wednesday,high
1,260,24.1,storm,2026-06-24,11:00:00,Wednesday,high
2,440,12.1,storm,2026-06-24,19:45:00,Wednesday,high
2,287,32.8,rain,2026-06-24,12:45:00,Wednesday,medium
2,124,66.8,clear,2026-06-24,01:45:00,Wednesday,low
3,305,51.1,clear,2026-06-24,07:15:00,Wednesday,medium
3,209,37.0,storm,2026-06-24,14:45:00,Wednesday,medium
3,270,17.0,rain,2026-06-24,07:45:00,Wednesday,high
4,146,19.5,rain,2026-06-24,12:30:00,Wednesday,high
4,462,24.2,fog,2026-06-24,19:00:00,Wednesday,high
4,10,79.7,fog,2026-06-24,01:15:00,Wednesday,low
5,77,23.4,fog,2026-06-24,01:45:00,Wednesday,high
5,194,32.9,rain,2026-06-24,06:30:00,Wednesday,medium
5,213,23.9,clear,2026-06-24,09:45:00,Wednesday,high
6,118,50.8,rain,2026-06-24,01:15:00,Wednesday,low
6,205,12.2,clear,2026-06-24,23:00:00,Wednesday,high
6,173,33.4,rain,2026-06-24,22:15:00,Wednesday,medium
7,112,61.4,fog,2026-06-24,05:45:00,Wednesday,low
7,141,55.5,clear,2026-06-24,14:00:00,Wednesday,low
7,248,24.8,storm,2026-06-24,22:15:00,Wednesday,high
8,185,36.5,storm,2026-06-24,22:45:00,Wednesday,medium
8,228,27.8,rain,2026-06-24,12:15:00,Wednesday,medium
8,105,56.8,fog,2026-06-24,05:30:00,Wednesday,low
9,72,90.3,clear,2026-06-24,05:15:00,Wednesday,low
9,525,9.7,storm,2026-06-24,09:30:00,Wednesday,high
9,605,10.9,clear,2026-06-24,20:15:00,Wednesday,high
10,26,115.2,clear,2026-06-24,00:30:00,Wednesday,low
10,425,17.0,fog,2026-06-24,17:00:00,Wednesday,high
10,446,15.2,rain,2026-06-24,18:45:00,Wednesday,high
1,431,16.7,clear,2026-06-25,19:00:00,Thursday,high
1,376,21.9,clear,2026-06-25,20:15:00,Thursday,high
1,234,25.9,clear,2026-06-25,11:00:00,Thursday,medium
2,393,19.1,clear,2026-06-25,19:30:00,Thursday,high
2,141,25.4,clear,2026-06-25,13:15:00,Thursday,medium
2,251,20.5,rain,2026-06-25,22:15:00,Thursday,high
3,49,157.4,clear,2026-06-25,01:00:00,Thursday,low
3,96,113.4,fog,2026-06-25,02:45:00,Thursday,low
3,43,93.8,clear,2026-06-25,03:30:00,Thursday,low
4,252,45.6,fog,2026-06-25,22:15:00,Thursday,medium
4,466,8.5,rain,2026-06-25,20:00:00,Thursday,high
4,195,23.8,rain,2026-06-25,22:30:00,Thursday,high
5,127,30.8,clear,2026-06-25,16:30:00,Thursday,medium
5,314,12.0,rain,2026-06-25,23:45:00,Thursday,high
5,193,40.0,clear,2026-06-25,07:30:00,Thursday,medium
6,678,8.0,storm,2026-06-25,20:00:00,Thursday,high
6,141,53.3,clear,2026-06-25,13:45:00,Thursday,low
6,243,12.9,clear,2026-06-25,20:15:00,Thursday,high
7,312,27.2,clear,2026-06-25,08:00:00,Thursday,medium
7,83,90.1,storm,2026-06-25,00:00:00,Thursday,low
7,438,30.7,clear,2026-06-25,18:00:00,Thursday,high
8,287,16.8,rain,2026-06-25,21:45:00,Thursday,high
8,88,32.8,storm,2026-06-25,15:15:00,Thursday,medium
8,555,13.6,rain,2026-06-25,10:45:00,Thursday,high
9,171,29.7,fog,2026-06-25,16:30:00,Thursday,medium
9,264,17.5,clear,2026-06-25,17:00:00,Thursday,high
9,177,43.0,clear,2026-06-25,11:00:00,Thursday,medium
10,149,35.2,fog,2026-06-25,12:15:00,Thursday,medium
10,133,45.2,storm,2026-06-25,03:30:00,Thursday,low
10,271,20.1,clear,2026-06-25,08:45:00,Thursday,high
1,143,38.8,clear,2026-06-26,14:30:00,Friday,medium
1,235,33.3,clear,2026-06-26,11:00:00,Friday,medium
1,84,122.5,fog,2026-06-26,00:45:00,Friday,low
2,255,59.1,clear,2026-06-26,15:30:00,Friday,medium
2,169,26.9,clear,2026-06-26,16:15:00,Friday,medium
2,173,43.3,clear,2026-06-26,22:00:00,Friday,medium
3,323,20.4,clear,2026-06-26,19:00:00,Friday,high
3,134,35.1,clear,2026-06-26,16:30:00,Friday,medium
3,197,49.0,clear,2026-06-26,06:30:00,Friday,low
4,574,15.9,storm,2026-06-26,10:45:00,Friday,high
4,508,18.0,clear,2026-06-26,08:00:00,Friday,high
4,59,121.2,fog,2026-06-26,03:15:00,Friday,low
5,72,111.5,fog,2026-06-26,04:30:00,Friday,low
5,300,21.1,fog,2026-06-26,19:30:00,Friday,high
5,161,43.4,clear,2026-06-26,15:00:00,Friday,medium
6,159,22.0,storm,2026-06-26,12:15:00,Friday,high
6,146,48.5,fog,2026-06-26,22:45:00,Friday,low
6,218,27.0,rain,2026-06-26,06:00:00,Friday,medium
7,92,45.0,clear,2026-06-26,22:45:00,Friday,medium
7,258,34.6,rain,2026-06-26,22:45:00,Friday,medium
7,215,25.8,clear,2026-06-26,19:30:00,Friday,medium
8,165,40.9,clear,2026-06-26,21:30:00,Friday,medium
8,65,43.1,clear,2026-06-26,15:00:00,Friday,medium
8,232,16.8,fog,2026-06-26,09:30:00,Friday,high
9,158,38.4,clear,2026-06-26,12:00:00,Friday,medium
9,399,12.6,rain,2026-06-26,09:45:00,Friday,high
9,194,33.8,rain,2026-06-26,07:15:00,Friday,medium
10,181,25.4,rain,2026-06-26,22:45:00,Friday,medium
10,167,35.9,clear,2026-06-26,22:15:00,Friday,medium
10,124,32.7,clear,2026-06-26,22:45:00,Friday,medium
1,449,36.7,rain,2026-06-27,17:00:00,Saturday,high
1,308,15.0,storm,2026-06-27,02:00:00,Saturday,high
1,303,20.1,rain,2026-06-27,12:30:00,Saturday,high
2,250,30.3,fog,2026-06-27,06:15:00,Saturday,medium
2,313,37.1,storm,2026-06-27,00:15:00,Saturday,medium
2,277,49.0,clear,2026-06-27,12:45:00,Saturday,medium
3,214,9.9,rain,2026-06-27,09:30:00,Saturday,high
3,240,39.0,fog,2026-06-27,02:00:00,Saturday,medium
3,128,51.1,clear,2026-06-27,04:30:00,Saturday,low
4,35,19.8,storm,2026-06-27,01:00:00,Saturday,high
4,188,58.6,clear,2026-06-27,03:30:00,Saturday,low
4,248,26.3,storm,2026-06-27,12:30:00,Saturday,medium
5,355,25.2,storm,2026-06-27,17:15:00,Saturday,high
5,258,26.3,clear,2026-06-27,17:45:00,Saturday,medium
5,346,31.7,clear,2026-06-27,21:15:00,Saturday,medium
6,16,38.7,storm,2026-06-27,04:45:00,Saturday,medium
6,309,12.6,storm,2026-06-27,02:15:00,Saturday,high
6,210,53.0,fog,2026-06-27,22:45:00,Saturday,medium
7,284,25.3,rain,2026-06-27,17:45:00,Saturday,medium
7,107,30.9,fog,2026-06-27,19:00:00,Saturday,medium
7,350,23.6,rain,2026-06-27,22:30:00,Saturday,high
8,122,41.2,fog,2026-06-27,01:00:00,Saturday,medium
8,482,27.1,storm,2026-06-27,18:45:00,Saturday,high
8,195,21.1,rain,2026-06-27,16:30:00,Saturday,high
9,107,33.4,clear,2026-06-27,19:00:00,Saturday,medium
9,197,13.2,storm,2026-06-27,21:00:00,Saturday,high
9,171,39.6,clear,2026-06-27,09:00:00,Saturday,medium
10,225,21.2,fog,2026-06-27,14:45:00,Saturday,high
10,312,46.0,clear,2026-06-27,09:30:00,Saturday,medium
10,266,22.1,storm,2026-06-27,23:30:00,Saturday,high
1,246,33.4,fog,2026-06-28,20:45:00,Sunday,medium
1,148,40.6,clear,2026-06-28,09:00:00,Sunday,medium
1,212,47.2,clear,2026-06-28,02:30:00,Sunday,medium
2,291,32.0,storm,2026-06-28,08:00:00,Sunday,medium
2,140,25.9,storm,2026-06-28,18:15:00,Sunday,medium
2,295,38.1,rain,2026-06-28,08:15:00,Sunday,medium
3,259,36.7,clear,2026-06-28,01:30:00,Sunday,medium
3,259,22.3,rain,2026-06-28,04:45:00,Sunday,high
3,101,22.4,clear,2026-06-28,14:15:00,Sunday,high
4,243,44.3,clear,2026-06-28,01:30:00,Sunday,medium
4,323,11.0,rain,2026-06-28,15:30:00,Sunday,high
4,283,16.0,rain,2026-06-28,17:15:00,Sunday,high
5,186,38.7,fog,2026-06-28,08:15:00,Sunday,medium
5,273,29.4,storm,2026-06-28,14:45:00,Sunday,medium
5,82,17.2,fog,2026-06-28,01:00:00,Sunday,high
6,216,47.3,clear,2026-06-28,13:30:00,Sunday,medium
6,272,14.5,rain,2026-06-28,08:45:00,Sunday,high
6,132,55.7,fog,2026-06-28,23:15:00,Sunday,low
7,187,40.1,fog,2026-06-28,05:30:00,Sunday,medium
7,284,30.9,rain,2026-06-28,02:00:00,Sunday,medium
7,224,23.8,clear,2026-06-28,14:30:00,Sunday,high
8,298,55.5,fog,2026-06-28,01:00:00,Sunday,medium
8,154,19.7,fog,2026-06-28,21:15:00,Sunday,high
8,240,52.8,fog,2026-06-28,03:00:00,Sunday,medium
9,214,24.1,clear,2026-06-28,20:15:00,Sunday,high
9,10,28.2,storm,2026-06-28,14:00:00,Sunday,medium
9,250,33.8,clear,2026-06-28,13:30:00,Sunday,medium
10,237,31.2,rain,2026-06-28,01:45:00,Sunday,medium
10,464,38.7,rain,2026-06-28,08:15:00,Sunday,high
10,162,35.4,clear,2026-06-28,06:45:00,Sunday,medium
1,317,18.1,clear,2026-06-29,17:45:00,Monday,high
1,202,41.0,clear,2026-06-29,14:30:00,Monday,medium
1,349,29.8,rain,2026-06-29,23:30:00,Monday,medium
2,311,15.9,clear,2026-06-29,20:00:00,Monday,high
2,161,23.9,rain,2026-06-29,22:30:00,Monday,high
2,140,36.4,rain,2026-06-29,15:45:00,Monday,medium
3,44,130.5,clear,2026-06-29,02:15:00,Monday,low
3,10,31.8,fog,2026-06-29,15:00:00,Monday,medium
3,1042,19.3,rain,2026-06-29,10:30:00,Monday,high
4,61,16.7,clear,2026-06-29,20:00:00,Monday,high
4,63,85.0,clear,2026-06-29,02:45:00,Monday,low
4,119,102.2,storm,2026-06-29,01:45:00,Monday,low
5,141,86.8,rain,2026-06-29,03:30:00,Monday,low
5,193,40.6,clear,2026-06-29,23:15:00,Monday,medium
5,275,19.2,rain,2026-06-29,18:15:00,Monday,high
6,192,12.6,rain,2026-06-29,20:30:00,Monday,high
6,151,49.2,clear,2026-06-29,14:00:00,Monday,low
6,364,39.1,rain,2026-06-29,23:00:00,Monday,high
7,323,20.8,storm,2026-06-29,21:45:00,Monday,high
7,212,41.5,clear,2026-06-29,23:15:00,Monday,medium
7,698,11.0,rain,2026-06-29,20:00:00,Monday,high
8,189,43.4,clear,2026-06-29,07:15:00,Monday,medium
8,259,9.0,rain,2026-06-29,09:00:00,Monday,high
8,29,101.0,clear,2026-06-29,02:00:00,Monday,low
9,81,49.8,clear,2026-06-29,07:00:00,Monday,low
9,246,52.5,clear,2026-06-29,23:45:00,Monday,medium
9,470,10.9,clear,2026-06-29,17:15:00,Monday,high
10,89,109.3,clear,2026-06-29,01:15:00,Monday,low
10,217,32.3,storm,2026-06-29,13:15:00,Monday,medium
10,274,53.7,clear,2026-06-29,07:00:00,Monday,medium
1,497,20.7,clear,2026-06-30,19:45:00,Tuesday,high
1,105,79.0,clear,2026-06-30,00:00:00,Tuesday,low
1,400,7.2,rain,2026-06-30,18:30:00,Tuesday,high
2,209,47.5,clear,2026-06-30,15:15:00,Tuesday,medium
2,256,33.7,clear,2026-06-30,14:45:00,Tuesday,medium
2,18,71.5,storm,2026-06-30,01:15:00,Tuesday,low
3,226,23.7,clear,2026-06-30,20:30:00,Tuesday,high
3,262,37.6,fog,2026-06-30,06:00:00,Tuesday,medium
3,535,8.0,rain,2026-06-30,17:15:00,Tuesday,high
4,411,22.2,clear,2026-06-30,08:00:00,Tuesday,high
4,252,62.9,clear,2026-06-30,15:45:00,Tuesday,medium
4,76,122.1,clear,2026-06-30,01:30:00,Tuesday,low
5,391,21.2,clear,2026-06-30,19:45:00,Tuesday,high
5,390,13.3,clear,2026-06-30,17:15:00,Tuesday,high
5,66,60.4,clear,2026-06-30,03:00:00,Tuesday,low
6,355,7.2,clear,2026-06-30,10:45:00,Tuesday,high
6,186,48.7,clear,2026-06-30,07:00:00,Tuesday,low
6,277,26.5,rain,2026-06-30,13:15:00,Tuesday,medium
7,411,17.9,clear,2026-06-30,18:45:00,Tuesday,high
7,310,22.1,clear,2026-06-30,19:45:00,Tuesday,high
7,210,33.8,storm,2026-06-30,23:15:00,Tuesday,medium
8,345,18.0,clear,2026-06-30,10:15:00,Tuesday,high
8,80,74.8,rain,2026-06-30,04:00:00,Tuesday,low
8,191,13.6,clear,2026-06-30,10:15:00,Tuesday,high
9,591,17.8,fog,2026-06-30,20:15:00,Tuesday,high
9,10,106.7,fog,2026-06-30,02:45:00,Tuesday,low
9,454,21.1,rain,2026-06-30,18:45:00,Tuesday,high
10,143,54.0,clear,2026-06-30,23:15:00,Tuesday,low
10,460,16.3,fog,2026-06-30,18:15:00,Tuesday,high
10,96,46.2,rain,2026-06-30,01:00:00,Tuesday,low
1,299,16.3,rain,2026-07-01,13:45:00,Wednesday,high
1,103,98.8,rain,2026-07-01,03:45:00,Wednesday,low
1,85,118.6,clear,2026-07-01,00:45:00,Wednesday,low
2,258,20.6,clear,2026-07-01,20:00:00,Wednesday,high
2,179,37.3,fog,2026-07-01,22:45:00,Wednesday,medium
2,223,31.3,clear,2026-07-01,14:45:00,Wednesday,medium
3,140,15.9,storm,2026-07-01,11:45:00,Wednesday,high
3,96,76.2,storm,2026-07-01,02:45:00,Wednesday,low
3,351,25.0,storm,2026-07-01,13:30:00,Wednesday,high
4,251,26.7,fog,2026-07-01,06:00:00,Wednesday,medium
4,89,118.4,clear,2026-07-01,01:30:00,Wednesday,low
4,244,26.5,clear,2026-07-01,19:00:00,Wednesday,medium
5,169,32.1,fog,2026-07-01,22:00:00,Wednesday,medium
5,463,24.5,fog,2026-07-01,10:15:00,Wednesday,high
5,514,10.5,storm,2026-07-01,18:15:00,Wednesday,high
6,469,21.9,clear,2026-07-01,08:45:00,Wednesday,high
6,149,39.0,fog,2026-07-01,14:45:00,Wednesday,medium
6,142,18.0,rain,2026-07-01,22:30:00,Wednesday,high
7,231,31.7,clear,2026-07-01,22:00:00,Wednesday,medium
7,57,173.0,clear,2026-07-01,02:45:00,Wednesday,low
7,82,111.0,clear,2026-07-01,03:15:00,Wednesday,low
8,76,98.1,fog,2026-07-01,04:15:00,Wednesday,low
8,200,36.2,rain,2026-07-01,13:15:00,Wednesday,medium
8,369,21.2,clear,2026-07-01,20:00:00,Wednesday,high
9,144,22.6,rain,2026-07-01,07:30:00,Wednesday,high
9,285,13.6,fog,2026-07-01,10:45:00,Wednesday,high
9,474,16.4,rain,2026-07-01,17:45:00,Wednesday,high
10,376,25.7,clear,2026-07-01,09:15:00,Wednesday,high
10,280,25.3,clear,2026-07-01,09:00:00,Wednesday,medium
10,80,68.4,storm,2026-07-01,05:15:00,Wednesday,low
